SampleID,PairID,Category,EventCode,Month,Season,Matrix,Station,Latitude,Longitude,Depth_cm,BottleType,InputZone,pH,EC_uScm,TDS_mgL,Ca_mgL,Mg_mgL,Na_mgL,K_mgL,HCO3_mgL,Cl_mgL,SO4_mgL,NO3_mgL,d15N_NO3_permil,d18O_NO3_permil,d2H_H2O_permil,d18O_H2O_permil
E1-DRY-AW1-A,E1-DRY-AW1,Routine,E1-DRY,5,dry,groundwater,AW1,10.865,-0.895,,A,supplementary,7.3,1121.0,768.0,87.83,28.42,89.9,2.03,,,,,,,,
E1-DRY-AW1-U,E1-DRY-AW1,Routine,E1-DRY,5,dry,groundwater,AW1,10.865,-0.895,,U,supplementary,7.3,1121.0,768.0,,,,,304.0,111.6,44.6,94.3,,,,
E1-DRY-AW1-W,E1-DRY-AW1,Routine,E1-DRY,5,dry,groundwater,AW1,10.865,-0.895,,W,supplementary,7.3,1121.0,768.0,,,,,,,,,,,-12.411878343937763,-3.107061628804277
E1-DRY-AW2-A,E1-DRY-AW2,Routine,E1-DRY,5,dry,groundwater,AW2,10.863,-0.892,,A,supplementary,6.8,1131.0,642.0,95.04,10.67,69.89,4.11,,,,,,,,
E1-DRY-AW2-U,E1-DRY-AW2,Routine,E1-DRY,5,dry,groundwater,AW2,10.863,-0.892,,U,supplementary,6.8,1131.0,642.0,,,,,251.0,91.95,8.58,104.99,,,,
E1-DRY-AW2-W,E1-DRY-AW2,Routine,E1-DRY,5,dry,groundwater,AW2,10.863,-0.892,,W,supplementary,6.8,1131.0,642.0,,,,,,,,,,,-18.477784275485,-4.046297092871594
E1-DRY-AW3-A,E1-DRY-AW3,Routine,E1-DRY,5,dry,groundwater,AW3,10.861,-0.889,,A,supplementary,7.1,834.0,646.0,92.41,24.52,41.0,9.84,,,,,,,,
E1-DRY-AW3-U,E1-DRY-AW3,Routine,E1-DRY,5,dry,groundwater,AW3,10.861,-0.889,,U,supplementary,7.1,834.0,646.0,,,,,322.0,68.85,39.24,41.56,,,,
E1-DRY-AW3-W,E1-DRY-AW3,Routine,E1-DRY,5,dry,groundwater,AW3,10.861,-0.889,,W,supplementary,7.1,834.0,646.0,,,,,,,,,,,-11.365026114952933,-3.061062060428874
E1-DRY-AW4-A,E1-DRY-AW4,Routine,E1-DRY,5,dry,groundwater,AW4,10.859,-0.886,,A,supplementary,6.6,1263.0,847.0,109.98,24.05,74.94,4.5,,,,,,,,
E1-DRY-AW4-U,E1-DRY-AW4,Routine,E1-DRY,5,dry,groundwater,AW4,10.859,-0.886,,U,supplementary,6.6,1263.0,847.0,,,,,420.0,48.89,80.47,79.13,,,,
E1-DRY-AW4-W,E1-DRY-AW4,Routine,E1-DRY,5,dry,groundwater,AW4,10.859,-0.886,,W,supplementary,6.6,1263.0,847.0,,,,,,,,,,,-5.943622824501837,-2.538471603230769
E1-DRY-AW5-A,E1-DRY-AW5,Routine,E1-DRY,5,dry,groundwater,AW5,10.857,-0.883,,A,supplementary,6.7,1274.0,856.0,118.74,14.46,99.88,8.03,,,,,,,,
E1-DRY-AW5-U,E1-DRY-AW5,Routine,E1-DRY,5,dry,groundwater,AW5,10.857,-0.883,,U,supplementary,6.7,1274.0,856.0,,,,,288.0,111.68,65.93,137.66,,,,
E1-DRY-AW5-W,E1-DRY-AW5,Routine,E1-DRY,5,dry,groundwater,AW5,10.857,-0.883,,W,supplementary,6.7,1274.0,856.0,,,,,,,,,,,-15.274544279665406,-3.538136197031278
E1-DRY-AW6-A,E1-DRY-AW6,Routine,E1-DRY,5,dry,groundwater,AW6,10.855,-0.88,,A,supplementary,6.9,803.0,526.0,40.42,32.46,54.18,2.87,,,,,,,,
E1-DRY-AW6-U,E1-DRY-AW6,Routine,E1-DRY,5,dry,groundwater,AW6,10.855,-0.88,,U,supplementary,6.9,803.0,526.0,,,,,178.0,78.79,9.71,119.0,,,,
E1-DRY-AW6-W,E1-DRY-AW6,Routine,E1-DRY,5,dry,groundwater,AW6,10.855,-0.88,,W,supplementary,6.9,803.0,526.0,,,,,,,,,,,-15.758129488865109,-3.813643967698261
E1-DRY-AW7-A,E1-DRY-AW7,Routine,E1-DRY,5,dry,groundwater,AW7,10.853,-0.877,,A,supplementary,6.9,1033.0,704.0,82.13,19.26,80.77,8.65,,,,,,,,
E1-DRY-AW7-U,E1-DRY-AW7,Routine,E1-DRY,5,dry,groundwater,AW7,10.853,-0.877,,U,supplementary,6.9,1033.0,704.0,,,,,260.0,113.61,8.15,121.1,,,,
E1-DRY-AW7-W,E1-DRY-AW7,Routine,E1-DRY,5,dry,groundwater,AW7,10.853,-0.877,,W,supplementary,6.9,1033.0,704.0,,,,,,,,,,,-17.603483385694872,-3.622855510640752
E1-DRY-AW8-A,E1-DRY-AW8,Routine,E1-DRY,5,dry,groundwater,AW8,10.851,-0.874,,A,supplementary,7.5,604.0,447.0,30.66,19.55,63.65,1.8,,,,,,,,
E1-DRY-AW8-U,E1-DRY-AW8,Routine,E1-DRY,5,dry,groundwater,AW8,10.851,-0.874,,U,supplementary,7.5,604.0,447.0,,,,,201.0,57.7,7.54,53.48,,,,
E1-DRY-AW8-W,E1-DRY-AW8,Routine,E1-DRY,5,dry,groundwater,AW8,10.851,-0.874,,W,supplementary,7.5,604.0,447.0,,,,,,,,,,,-14.84980639243883,-3.703911489339137
E1-DRY-BH1-A,E1-DRY-BH1,Routine,E1-DRY,5,dry,groundwater,BH1,10.878,-0.915,,A,upgradient,8.0,835.0,639.0,107.23,25.94,26.89,7.32,,,,,,,,
E1-DRY-BH1-I,E1-DRY-BH1,Routine,E1-DRY,5,dry,groundwater,BH1,10.878,-0.915,,I,upgradient,8.0,835.0,639.0,,,,,,,,48.8,5.9124586522675,7.052710536884955,,
E1-DRY-BH1-U,E1-DRY-BH1,Routine,E1-DRY,5,dry,groundwater,BH1,10.878,-0.915,,U,upgradient,8.0,835.0,639.0,,,,,254.0,109.55,47.37,48.8,,,,
E1-DRY-BH1-W,E1-DRY-BH1,Routine,E1-DRY,5,dry,groundwater,BH1,10.878,-0.915,,W,upgradient,8.0,835.0,639.0,,,,,,,,,,,-13.779243440245136,-3.4368972523163235
E1-DRY-BH2-A,E1-DRY-BH2,Routine,E1-DRY,5,dry,groundwater,BH2,10.875,-0.91,,A,downgradient,7.2,799.0,543.0,99.59,16.73,21.53,3.7,,,,,,,,
E1-DRY-BH2-I,E1-DRY-BH2,Routine,E1-DRY,5,dry,groundwater,BH2,10.875,-0.91,,I,downgradient,7.2,799.0,543.0,,,,,,,,115.36,11.806405751307926,13.096590764466738,,
E1-DRY-BH2-U,E1-DRY-BH2,Routine,E1-DRY,5,dry,groundwater,BH2,10.875,-0.91,,U,downgradient,7.2,799.0,543.0,,,,,169.0,35.88,76.41,115.36,,,,
E1-DRY-BH2-W,E1-DRY-BH2,Routine,E1-DRY,5,dry,groundwater,BH2,10.875,-0.91,,W,downgradient,7.2,799.0,543.0,,,,,,,,,,,-10.346955633305688,-3.0510893502787297
E1-DRY-BH3-A,E1-DRY-BH3,Routine,E1-DRY,5,dry,groundwater,BH3,10.872,-0.905,,A,downgradient,7.1,1008.0,706.0,101.33,39.68,20.64,5.68,,,,,,,,
E1-DRY-BH3-I,E1-DRY-BH3,Routine,E1-DRY,5,dry,groundwater,BH3,10.872,-0.905,,I,downgradient,7.1,1008.0,706.0,,,,,,,,63.71,12.33466029542133,9.937753483119067,,
E1-DRY-BH3-U,E1-DRY-BH3,Routine,E1-DRY,5,dry,groundwater,BH3,10.872,-0.905,,U,downgradient,7.1,1008.0,706.0,,,,,363.0,80.63,21.41,63.71,,,,
E1-DRY-BH3-W,E1-DRY-BH3,Routine,E1-DRY,5,dry,groundwater,BH3,10.872,-0.905,,W,downgradient,7.1,1008.0,706.0,,,,,,,,,,,-17.96913040611,-3.776422688755372
E1-DRY-BH4-A,E1-DRY-BH4,Routine,E1-DRY,5,dry,groundwater,BH4,10.869,-0.9,,A,downgradient,6.9,821.0,545.0,32.78,31.14,77.73,1.43,,,,,,,,
E1-DRY-BH4-I,E1-DRY-BH4,Routine,E1-DRY,5,dry,groundwater,BH4,10.869,-0.9,,I,downgradient,6.9,821.0,545.0,,,,,,,,69.58,11.762284278332976,13.785856743126926,,
E1-DRY-BH4-U,E1-DRY-BH4,Routine,E1-DRY,5,dry,groundwater,BH4,10.869,-0.9,,U,downgradient,6.9,821.0,545.0,,,,,191.0,58.98,73.53,69.58,,,,
E1-DRY-BH4-W,E1-DRY-BH4,Routine,E1-DRY,5,dry,groundwater,BH4,10.869,-0.9,,W,downgradient,6.9,821.0,545.0,,,,,,,,,,,-21.18676238186688,-4.31579012010985
E1-DRY-L1-30cm-A,E1-DRY-L1-30,Routine,E1-DRY,5,dry,soil_water,L1,10.892,-0.928,30.0,A,high_input,6.4,707.0,509.0,40.64,23.67,54.23,4.5,,,,,,,,
E1-DRY-L1-30cm-I,E1-DRY-L1-30,Routine,E1-DRY,5,dry,soil_water,L1,10.892,-0.928,30.0,I,high_input,6.4,707.0,509.0,,,,,,,,42.35,0.5851765799778628,12.936850976503065,,
E1-DRY-L1-30cm-U,E1-DRY-L1-30,Routine,E1-DRY,5,dry,soil_water,L1,10.892,-0.928,30.0,U,high_input,6.4,707.0,509.0,,,,,296.0,26.74,12.74,42.35,,,,
E1-DRY-L1-30cm-W,E1-DRY-L1-30,Routine,E1-DRY,5,dry,soil_water,L1,10.892,-0.928,30.0,W,high_input,6.4,707.0,509.0,,,,,,,,,,,-10.671125115881342,-2.648339419408344
E1-DRY-L1-60cm-A,E1-DRY-L1-60,Routine,E1-DRY,5,dry,soil_water,L1,10.892,-0.928,60.0,A,high_input,5.6,667.0,483.0,49.24,16.58,59.16,2.19,,,,,,,,
E1-DRY-L1-60cm-I,E1-DRY-L1-60,Routine,E1-DRY,5,dry,soil_water,L1,10.892,-0.928,60.0,I,high_input,5.6,667.0,483.0,,,,,,,,32.94,2.4464278781846085,16.941238334708697,,
E1-DRY-L1-60cm-U,E1-DRY-L1-60,Routine,E1-DRY,5,dry,soil_water,L1,10.892,-0.928,60.0,U,high_input,5.6,667.0,483.0,,,,,222.0,54.33,34.78,32.94,,,,
E1-DRY-L1-60cm-W,E1-DRY-L1-60,Routine,E1-DRY,5,dry,soil_water,L1,10.892,-0.928,60.0,W,high_input,5.6,667.0,483.0,,,,,,,,,,,-8.535888563395691,-2.2520940964157776
E1-DRY-L2-30cm-A,E1-DRY-L2-30,Routine,E1-DRY,5,dry,soil_water,L2,10.889,-0.925,30.0,A,moderate_input,5.8,553.0,348.0,38.23,15.51,42.71,2.11,,,,,,,,
E1-DRY-L2-30cm-I,E1-DRY-L2-30,Routine,E1-DRY,5,dry,soil_water,L2,10.889,-0.925,30.0,I,moderate_input,5.8,553.0,348.0,,,,,,,,64.75,0.5864274091016046,9.733435907582686,,
E1-DRY-L2-30cm-U,E1-DRY-L2-30,Routine,E1-DRY,5,dry,soil_water,L2,10.889,-0.925,30.0,U,moderate_input,5.8,553.0,348.0,,,,,42.0,87.35,43.64,64.75,,,,
E1-DRY-L2-30cm-W,E1-DRY-L2-30,Routine,E1-DRY,5,dry,soil_water,L2,10.889,-0.925,30.0,W,moderate_input,5.8,553.0,348.0,,,,,,,,,,,-4.047017027933287,-1.767381684233268
E1-DRY-L2-60cm-A,E1-DRY-L2-60,Routine,E1-DRY,5,dry,soil_water,L2,10.889,-0.925,60.0,A,moderate_input,5.9,864.0,540.0,89.31,24.61,23.04,1.06,,,,,,,,
E1-DRY-L2-60cm-I,E1-DRY-L2-60,Routine,E1-DRY,5,dry,soil_water,L2,10.889,-0.925,60.0,I,moderate_input,5.9,864.0,540.0,,,,,,,,48.52,2.45414155983314,15.321616173548216,,
E1-DRY-L2-60cm-U,E1-DRY-L2-60,Routine,E1-DRY,5,dry,soil_water,L2,10.889,-0.925,60.0,U,moderate_input,5.9,864.0,540.0,,,,,224.0,77.64,40.69,48.52,,,,
E1-DRY-L2-60cm-W,E1-DRY-L2-60,Routine,E1-DRY,5,dry,soil_water,L2,10.889,-0.925,60.0,W,moderate_input,5.9,864.0,540.0,,,,,,,,,,,-12.90460079477814,-3.2587426680193525
E1-DRY-L3-30cm-A,E1-DRY-L3-30,Routine,E1-DRY,5,dry,soil_water,L3,10.885,-0.868,30.0,A,low_input,6.5,410.0,223.0,29.62,15.36,31.88,1.31,,,,,,,,
E1-DRY-L3-30cm-I,E1-DRY-L3-30,Routine,E1-DRY,5,dry,soil_water,L3,10.885,-0.868,30.0,I,low_input,6.5,410.0,223.0,,,,,,,,30.64,3.015300642054637,8.815476045265255,,
E1-DRY-L3-30cm-U,E1-DRY-L3-30,Routine,E1-DRY,5,dry,soil_water,L3,10.885,-0.868,30.0,U,low_input,6.5,410.0,223.0,,,,,35.0,46.4,26.69,30.64,,,,
E1-DRY-L3-30cm-W,E1-DRY-L3-30,Routine,E1-DRY,5,dry,soil_water,L3,10.885,-0.868,30.0,W,low_input,6.5,410.0,223.0,,,,,,,,,,,-12.019293311256463,-2.814472332451383
E1-DRY-L3-60cm-A,E1-DRY-L3-60,Routine,E1-DRY,5,dry,soil_water,L3,10.885,-0.868,60.0,A,low_input,6.3,569.0,394.0,62.89,24.46,17.66,0.57,,,,,,,,
E1-DRY-L3-60cm-I,E1-DRY-L3-60,Routine,E1-DRY,5,dry,soil_water,L3,10.885,-0.868,60.0,I,low_input,6.3,569.0,394.0,,,,,,,,19.65,3.8360247387138577,9.810794710461622,,
E1-DRY-L3-60cm-U,E1-DRY-L3-60,Routine,E1-DRY,5,dry,soil_water,L3,10.885,-0.868,60.0,U,low_input,6.3,569.0,394.0,,,,,191.0,41.67,26.89,19.65,,,,
E1-DRY-L3-60cm-W,E1-DRY-L3-60,Routine,E1-DRY,5,dry,soil_water,L3,10.885,-0.868,60.0,W,low_input,6.3,569.0,394.0,,,,,,,,,,,-5.470318293362774,-2.161372434075456
E1-DRY-L4-30cm-A,E1-DRY-L4-30,Routine,E1-DRY,5,dry,soil_water,L4,10.891,-0.89,30.0,A,high_input_manure,6.1,788.0,595.0,48.11,27.03,51.97,8.4,,,,,,,,
E1-DRY-L4-30cm-I,E1-DRY-L4-30,Routine,E1-DRY,5,dry,soil_water,L4,10.891,-0.89,30.0,I,high_input_manure,6.1,788.0,595.0,,,,,,,,65.94,1.749421012573599,14.746890509878249,,
E1-DRY-L4-30cm-U,E1-DRY-L4-30,Routine,E1-DRY,5,dry,soil_water,L4,10.891,-0.89,30.0,U,high_input_manure,6.1,788.0,595.0,,,,,337.0,35.72,10.96,65.94,,,,
E1-DRY-L4-30cm-W,E1-DRY-L4-30,Routine,E1-DRY,5,dry,soil_water,L4,10.891,-0.89,30.0,W,high_input_manure,6.1,788.0,595.0,,,,,,,,,,,-5.260555090194957,-1.8153151247594848
E1-DRY-L4-60cm-A,E1-DRY-L4-60,Routine,E1-DRY,5,dry,soil_water,L4,10.891,-0.89,60.0,A,high_input_manure,6.2,822.0,578.0,58.22,19.08,54.02,5.37,,,,,,,,
E1-DRY-L4-60cm-I,E1-DRY-L4-60,Routine,E1-DRY,5,dry,soil_water,L4,10.891,-0.89,60.0,I,high_input_manure,6.2,822.0,578.0,,,,,,,,44.43,2.9705429698175707,10.726491575334633,,
E1-DRY-L4-60cm-U,E1-DRY-L4-60,Routine,E1-DRY,5,dry,soil_water,L4,10.891,-0.89,60.0,U,high_input_manure,6.2,822.0,578.0,,,,,286.0,72.93,31.0,44.43,,,,
E1-DRY-L4-60cm-W,E1-DRY-L4-60,Routine,E1-DRY,5,dry,soil_water,L4,10.891,-0.89,60.0,W,high_input_manure,6.2,822.0,578.0,,,,,,,,,,,-13.00185085714533,-3.308574966775226
E2-PRE-BH1-A,E2-PRE-BH1,Routine,E2-PRE,9,transition,groundwater,BH1,10.878,-0.915,,A,upgradient,7.0,1150.0,761.0,105.74,26.11,50.57,5.4,,,,,,,,
E2-PRE-BH1-I,E2-PRE-BH1,Routine,E2-PRE,9,transition,groundwater,BH1,10.878,-0.915,,I,upgradient,7.0,1150.0,761.0,,,,,,,,24.28,8.136244860256344,10.340498149139728,,
E2-PRE-BH1-U,E2-PRE-BH1,Routine,E2-PRE,9,transition,groundwater,BH1,10.878,-0.915,,U,upgradient,7.0,1150.0,761.0,,,,,449.0,32.71,57.73,24.28,,,,
E2-PRE-BH1-W,E2-PRE-BH1,Routine,E2-PRE,9,transition,groundwater,BH1,10.878,-0.915,,W,upgradient,7.0,1150.0,761.0,,,,,,,,,,,-21.578966889395225,-4.467741586609966
E2-PRE-BH2-A,E2-PRE-BH2,Routine,E2-PRE,9,transition,groundwater,BH2,10.875,-0.91,,A,downgradient,6.8,773.0,476.0,58.4,15.03,50.2,9.47,,,,,,,,
E2-PRE-BH2-I,E2-PRE-BH2,Routine,E2-PRE,9,transition,groundwater,BH2,10.875,-0.91,,I,downgradient,6.8,773.0,476.0,,,,,,,,36.4,11.340711154365732,8.953757864868336,,
E2-PRE-BH2-U,E2-PRE-BH2,Routine,E2-PRE,9,transition,groundwater,BH2,10.875,-0.91,,U,downgradient,6.8,773.0,476.0,,,,,158.0,88.44,47.85,36.4,,,,
E2-PRE-BH2-W,E2-PRE-BH2,Routine,E2-PRE,9,transition,groundwater,BH2,10.875,-0.91,,W,downgradient,6.8,773.0,476.0,,,,,,,,,,,-18.918022448081523,-4.193858969750454
E2-PRE-BH3-A,E2-PRE-BH3,Routine,E2-PRE,9,transition,groundwater,BH3,10.872,-0.905,,A,downgradient,7.4,1064.0,679.0,62.69,18.73,110.39,8.23,,,,,,,,
E2-PRE-BH3-I,E2-PRE-BH3,Routine,E2-PRE,9,transition,groundwater,BH3,10.872,-0.905,,I,downgradient,7.4,1064.0,679.0,,,,,,,,142.12,9.912598558291258,12.151821773190916,,
E2-PRE-BH3-U,E2-PRE-BH3,Routine,E2-PRE,9,transition,groundwater,BH3,10.872,-0.905,,U,downgradient,7.4,1064.0,679.0,,,,,111.0,141.31,75.15,142.12,,,,
E2-PRE-BH3-W,E2-PRE-BH3,Routine,E2-PRE,9,transition,groundwater,BH3,10.872,-0.905,,W,downgradient,7.4,1064.0,679.0,,,,,,,,,,,-14.134254778826543,-3.391233500564456
E2-PRE-BH4-A,E2-PRE-BH4,Routine,E2-PRE,9,transition,groundwater,BH4,10.869,-0.9,,A,downgradient,6.7,783.0,522.0,34.07,24.77,78.65,3.54,,,,,,,,
E2-PRE-BH4-I,E2-PRE-BH4,Routine,E2-PRE,9,transition,groundwater,BH4,10.869,-0.9,,I,downgradient,6.7,783.0,522.0,,,,,,,,37.12,15.550794937683916,15.050019981476296,,
E2-PRE-BH4-U,E2-PRE-BH4,Routine,E2-PRE,9,transition,groundwater,BH4,10.869,-0.9,,U,downgradient,6.7,783.0,522.0,,,,,229.0,98.33,7.74,37.12,,,,
E2-PRE-BH4-W,E2-PRE-BH4,Routine,E2-PRE,9,transition,groundwater,BH4,10.869,-0.9,,W,downgradient,6.7,783.0,522.0,,,,,,,,,,,-18.961604981411604,-3.785204866633648
E2-PRE-L1-30cm-A,E2-PRE-L1-30,Routine,E2-PRE,9,transition,soil_water,L1,10.892,-0.928,30.0,A,high_input,6.9,509.0,375.0,57.46,15.71,12.38,6.01,,,,,,,,
E2-PRE-L1-30cm-I,E2-PRE-L1-30,Routine,E2-PRE,9,transition,soil_water,L1,10.892,-0.928,30.0,I,high_input,6.9,509.0,375.0,,,,,,,,36.76,-0.1713915595334152,11.98185681917981,,
E2-PRE-L1-30cm-U,E2-PRE-L1-30,Routine,E2-PRE,9,transition,soil_water,L1,10.892,-0.928,30.0,U,high_input,6.9,509.0,375.0,,,,,191.0,29.18,14.3,36.76,,,,
E2-PRE-L1-30cm-W,E2-PRE-L1-30,Routine,E2-PRE,9,transition,soil_water,L1,10.892,-0.928,30.0,W,high_input,6.9,509.0,375.0,,,,,,,,,,,-2.8621555985254696,-2.090082339097276
E2-PRE-L1-60cm-A,E2-PRE-L1-60,Routine,E2-PRE,9,transition,soil_water,L1,10.892,-0.928,60.0,A,high_input,6.2,381.0,247.0,35.02,14.34,13.25,6.64,,,,,,,,
E2-PRE-L1-60cm-I,E2-PRE-L1-60,Routine,E2-PRE,9,transition,soil_water,L1,10.892,-0.928,60.0,I,high_input,6.2,381.0,247.0,,,,,,,,57.87,1.3218430274291997,16.392285332655046,,
E2-PRE-L1-60cm-U,E2-PRE-L1-60,Routine,E2-PRE,9,transition,soil_water,L1,10.892,-0.928,60.0,U,high_input,6.2,381.0,247.0,,,,,32.0,64.11,18.03,57.87,,,,
E2-PRE-L1-60cm-W,E2-PRE-L1-60,Routine,E2-PRE,9,transition,soil_water,L1,10.892,-0.928,60.0,W,high_input,6.2,381.0,247.0,,,,,,,,,,,-14.561872436410438,-3.19774509530384
E2-PRE-L2-30cm-A,E2-PRE-L2-30,Routine,E2-PRE,9,transition,soil_water,L2,10.889,-0.925,30.0,A,moderate_input,6.3,708.0,570.0,61.56,22.43,48.51,5.7,,,,,,,,
E2-PRE-L2-30cm-I,E2-PRE-L2-30,Routine,E2-PRE,9,transition,soil_water,L2,10.889,-0.925,30.0,I,moderate_input,6.3,708.0,570.0,,,,,,,,27.55,0.2042794886181225,9.091104126434924,,
E2-PRE-L2-30cm-U,E2-PRE-L2-30,Routine,E2-PRE,9,transition,soil_water,L2,10.889,-0.925,30.0,U,moderate_input,6.3,708.0,570.0,,,,,339.0,50.69,9.32,27.55,,,,
E2-PRE-L2-30cm-W,E2-PRE-L2-30,Routine,E2-PRE,9,transition,soil_water,L2,10.889,-0.925,30.0,W,moderate_input,6.3,708.0,570.0,,,,,,,,,,,-7.525240102087352,-2.473743691601996
E2-PRE-L2-60cm-A,E2-PRE-L2-60,Routine,E2-PRE,9,transition,soil_water,L2,10.889,-0.925,60.0,A,moderate_input,5.9,498.0,369.0,39.98,13.59,42.55,4.88,,,,,,,,
E2-PRE-L2-60cm-I,E2-PRE-L2-60,Routine,E2-PRE,9,transition,soil_water,L2,10.889,-0.925,60.0,I,moderate_input,5.9,498.0,369.0,,,,,,,,36.92,0.1735036382206852,7.824311902641702,,
E2-PRE-L2-60cm-U,E2-PRE-L2-60,Routine,E2-PRE,9,transition,soil_water,L2,10.889,-0.925,60.0,U,moderate_input,5.9,498.0,369.0,,,,,123.0,58.54,38.45,36.92,,,,
E2-PRE-L2-60cm-W,E2-PRE-L2-60,Routine,E2-PRE,9,transition,soil_water,L2,10.889,-0.925,60.0,W,moderate_input,5.9,498.0,369.0,,,,,,,,,,,-2.8447052902552685,-1.806987549458556
E2-PRE-L3-30cm-A,E2-PRE-L3-30,Routine,E2-PRE,9,transition,soil_water,L3,10.885,-0.868,30.0,A,low_input,6.4,451.0,455.0,44.59,20.16,29.44,3.88,,,,,,,,
E2-PRE-L3-30cm-I,E2-PRE-L3-30,Routine,E2-PRE,9,transition,soil_water,L3,10.885,-0.868,30.0,I,low_input,6.4,451.0,455.0,,,,,,,,11.13,4.272262437622524,7.693864678930327,,
E2-PRE-L3-30cm-U,E2-PRE-L3-30,Routine,E2-PRE,9,transition,soil_water,L3,10.885,-0.868,30.0,U,low_input,6.4,451.0,455.0,,,,,297.0,32.06,6.18,11.13,,,,
E2-PRE-L3-30cm-W,E2-PRE-L3-30,Routine,E2-PRE,9,transition,soil_water,L3,10.885,-0.868,30.0,W,low_input,6.4,451.0,455.0,,,,,,,,,,,-12.177435121398313,-2.8664242057632405
E2-PRE-L3-60cm-A,E2-PRE-L3-60,Routine,E2-PRE,9,transition,soil_water,L3,10.885,-0.868,60.0,A,low_input,5.9,331.0,290.0,35.74,12.98,33.53,3.31,,,,,,,,
E2-PRE-L3-60cm-I,E2-PRE-L3-60,Routine,E2-PRE,9,transition,soil_water,L3,10.885,-0.868,60.0,I,low_input,5.9,331.0,290.0,,,,,,,,12.52,1.5327508378541486,11.013268742689526,,
E2-PRE-L3-60cm-U,E2-PRE-L3-60,Routine,E2-PRE,9,transition,soil_water,L3,10.885,-0.868,60.0,U,low_input,5.9,331.0,290.0,,,,,121.0,40.06,23.75,12.52,,,,
E2-PRE-L3-60cm-W,E2-PRE-L3-60,Routine,E2-PRE,9,transition,soil_water,L3,10.885,-0.868,60.0,W,low_input,5.9,331.0,290.0,,,,,,,,,,,-7.220934594980305,-2.342897063782334
E2-PRE-L4-30cm-A,E2-PRE-L4-30,Routine,E2-PRE,9,transition,soil_water,L4,10.891,-0.89,30.0,A,high_input_manure,5.6,710.0,432.0,64.16,18.56,13.19,11.16,,,,,,,,
E2-PRE-L4-30cm-I,E2-PRE-L4-30,Routine,E2-PRE,9,transition,soil_water,L4,10.891,-0.89,30.0,I,high_input_manure,5.6,710.0,432.0,,,,,,,,62.54,-1.983871612554076,17.8834541928282,,
E2-PRE-L4-30cm-U,E2-PRE-L4-30,Routine,E2-PRE,9,transition,soil_water,L4,10.891,-0.89,30.0,U,high_input_manure,5.6,710.0,432.0,,,,,207.0,36.85,12.05,62.54,,,,
E2-PRE-L4-30cm-W,E2-PRE-L4-30,Routine,E2-PRE,9,transition,soil_water,L4,10.891,-0.89,30.0,W,high_input_manure,5.6,710.0,432.0,,,,,,,,,,,-3.6467442931046383,-1.6893168486767802
E2-PRE-L4-60cm-A,E2-PRE-L4-60,Routine,E2-PRE,9,transition,soil_water,L4,10.891,-0.89,60.0,A,high_input_manure,5.9,432.0,314.0,43.14,16.63,11.94,15.37,,,,,,,,
E2-PRE-L4-60cm-I,E2-PRE-L4-60,Routine,E2-PRE,9,transition,soil_water,L4,10.891,-0.89,60.0,I,high_input_manure,5.9,432.0,314.0,,,,,,,,77.38,1.55875922207589,15.134625070371728,,
E2-PRE-L4-60cm-U,E2-PRE-L4-60,Routine,E2-PRE,9,transition,soil_water,L4,10.891,-0.89,60.0,U,high_input_manure,5.9,432.0,314.0,,,,,39.0,84.54,18.6,77.38,,,,
E2-PRE-L4-60cm-W,E2-PRE-L4-60,Routine,E2-PRE,9,transition,soil_water,L4,10.891,-0.89,60.0,W,high_input_manure,5.9,432.0,314.0,,,,,,,,,,,-12.059492695590826,-2.984915871691834
E3-POST1-BH1-A,E3-POST1-BH1,Routine,E3-POST1,10,wet,groundwater,BH1,10.878,-0.915,,A,upgradient,7.0,946.0,624.0,110.54,22.01,10.78,9.01,,,,,,,,
E3-POST1-BH1-I,E3-POST1-BH1,Routine,E3-POST1,10,wet,groundwater,BH1,10.878,-0.915,,I,upgradient,7.0,946.0,624.0,,,,,,,,65.7,9.034843420685895,8.366220323716648,,
E3-POST1-BH1-U,E3-POST1-BH1,Routine,E3-POST1,10,wet,groundwater,BH1,10.878,-0.915,,U,upgradient,7.0,946.0,624.0,,,,,351.0,19.98,28.49,65.7,,,,
E3-POST1-BH1-W,E3-POST1-BH1,Routine,E3-POST1,10,wet,groundwater,BH1,10.878,-0.915,,W,upgradient,7.0,946.0,624.0,,,,,,,,,,,-12.492565343660598,-3.037853928310886
E3-POST1-BH2-A,E3-POST1-BH2,Routine,E3-POST1,10,wet,groundwater,BH2,10.875,-0.91,,A,downgradient,6.7,728.0,463.0,35.33,28.33,42.41,9.11,,,,,,,,
E3-POST1-BH2-I,E3-POST1-BH2,Routine,E3-POST1,10,wet,groundwater,BH2,10.875,-0.91,,I,downgradient,6.7,728.0,463.0,,,,,,,,45.87,11.60419140700154,13.195186749819587,,
E3-POST1-BH2-U,E3-POST1-BH2,Routine,E3-POST1,10,wet,groundwater,BH2,10.875,-0.91,,U,downgradient,6.7,728.0,463.0,,,,,235.0,47.04,13.57,45.87,,,,
E3-POST1-BH2-W,E3-POST1-BH2,Routine,E3-POST1,10,wet,groundwater,BH2,10.875,-0.91,,W,downgradient,6.7,728.0,463.0,,,,,,,,,,,-8.927540919245956,-2.5329567815928886
E3-POST1-BH3-A,E3-POST1-BH3,Routine,E3-POST1,10,wet,groundwater,BH3,10.872,-0.905,,A,downgradient,6.9,744.0,585.0,38.14,36.61,80.99,4.62,,,,,,,,
E3-POST1-BH3-I,E3-POST1-BH3,Routine,E3-POST1,10,wet,groundwater,BH3,10.872,-0.905,,I,downgradient,6.9,744.0,585.0,,,,,,,,159.17,10.570083648205696,9.227257157278569,,
E3-POST1-BH3-U,E3-POST1-BH3,Routine,E3-POST1,10,wet,groundwater,BH3,10.872,-0.905,,U,downgradient,6.9,744.0,585.0,,,,,98.0,143.25,13.36,159.17,,,,
E3-POST1-BH3-W,E3-POST1-BH3,Routine,E3-POST1,10,wet,groundwater,BH3,10.872,-0.905,,W,downgradient,6.9,744.0,585.0,,,,,,,,,,,-14.973163776090846,-3.5987270189625304
E3-POST1-BH4-A,E3-POST1-BH4,Routine,E3-POST1,10,wet,groundwater,BH4,10.869,-0.9,,A,downgradient,6.8,786.0,546.0,48.81,41.0,21.42,10.08,,,,,,,,
E3-POST1-BH4-I,E3-POST1-BH4,Routine,E3-POST1,10,wet,groundwater,BH4,10.869,-0.9,,I,downgradient,6.8,786.0,546.0,,,,,,,,139.17,10.559960262218924,11.781164652884076,,
E3-POST1-BH4-U,E3-POST1-BH4,Routine,E3-POST1,10,wet,groundwater,BH4,10.869,-0.9,,U,downgradient,6.8,786.0,546.0,,,,,177.0,26.15,71.13,139.17,,,,
E3-POST1-BH4-W,E3-POST1-BH4,Routine,E3-POST1,10,wet,groundwater,BH4,10.869,-0.9,,W,downgradient,6.8,786.0,546.0,,,,,,,,,,,-7.359805402854224,-2.644831519695705
E3-POST1-L1-30cm-A,E3-POST1-L1-30,Routine,E3-POST1,10,wet,soil_water,L1,10.892,-0.928,30.0,A,high_input,6.6,771.0,497.0,70.08,19.03,27.5,2.07,,,,,,,,
E3-POST1-L1-30cm-I,E3-POST1-L1-30,Routine,E3-POST1,10,wet,soil_water,L1,10.892,-0.928,30.0,I,high_input,6.6,771.0,497.0,,,,,,,,220.73,0.7444719851416717,15.535259907981146,,
E3-POST1-L1-30cm-U,E3-POST1-L1-30,Routine,E3-POST1,10,wet,soil_water,L1,10.892,-0.928,30.0,U,high_input,6.6,771.0,497.0,,,,,112.0,19.42,17.44,220.73,,,,
E3-POST1-L1-30cm-W,E3-POST1-L1-30,Routine,E3-POST1,10,wet,soil_water,L1,10.892,-0.928,30.0,W,high_input,6.6,771.0,497.0,,,,,,,,,,,-7.015194565784989,-2.016275696315925
E3-POST1-L1-60cm-A,E3-POST1-L1-60,Routine,E3-POST1,10,wet,soil_water,L1,10.892,-0.928,60.0,A,high_input,7.0,445.0,334.0,32.07,18.01,28.47,2.07,,,,,,,,
E3-POST1-L1-60cm-I,E3-POST1-L1-60,Routine,E3-POST1,10,wet,soil_water,L1,10.892,-0.928,60.0,I,high_input,7.0,445.0,334.0,,,,,,,,140.84,2.584060141070384,17.516425230050665,,
E3-POST1-L1-60cm-U,E3-POST1-L1-60,Routine,E3-POST1,10,wet,soil_water,L1,10.892,-0.928,60.0,U,high_input,7.0,445.0,334.0,,,,,39.0,36.02,24.73,140.84,,,,
E3-POST1-L1-60cm-W,E3-POST1-L1-60,Routine,E3-POST1,10,wet,soil_water,L1,10.892,-0.928,60.0,W,high_input,7.0,445.0,334.0,,,,,,,,,,,-12.892564886036151,-2.926926766541796
E3-POST1-L2-30cm-A,E3-POST1-L2-30,Routine,E3-POST1,10,wet,soil_water,L2,10.889,-0.925,30.0,A,moderate_input,6.4,569.0,432.0,51.92,24.02,25.64,6.58,,,,,,,,
E3-POST1-L2-30cm-I,E3-POST1-L2-30,Routine,E3-POST1,10,wet,soil_water,L2,10.889,-0.925,30.0,I,moderate_input,6.4,569.0,432.0,,,,,,,,119.54,2.326307326748415,7.002529544469442,,
E3-POST1-L2-30cm-U,E3-POST1-L2-30,Routine,E3-POST1,10,wet,soil_water,L2,10.889,-0.925,30.0,U,moderate_input,6.4,569.0,432.0,,,,,113.0,65.43,15.07,119.54,,,,
E3-POST1-L2-30cm-W,E3-POST1-L2-30,Routine,E3-POST1,10,wet,soil_water,L2,10.889,-0.925,30.0,W,moderate_input,6.4,569.0,432.0,,,,,,,,,,,-4.030623692455032,-2.170255102393411
E3-POST1-L2-60cm-A,E3-POST1-L2-60,Routine,E3-POST1,10,wet,soil_water,L2,10.889,-0.925,60.0,A,moderate_input,6.5,537.0,364.0,43.78,10.13,43.65,5.93,,,,,,,,
E3-POST1-L2-60cm-I,E3-POST1-L2-60,Routine,E3-POST1,10,wet,soil_water,L2,10.889,-0.925,60.0,I,moderate_input,6.5,537.0,364.0,,,,,,,,84.07,3.357985109931481,11.023335270945909,,
E3-POST1-L2-60cm-U,E3-POST1-L2-60,Routine,E3-POST1,10,wet,soil_water,L2,10.889,-0.925,60.0,U,moderate_input,6.5,537.0,364.0,,,,,74.0,71.08,25.99,84.07,,,,
E3-POST1-L2-60cm-W,E3-POST1-L2-60,Routine,E3-POST1,10,wet,soil_water,L2,10.889,-0.925,60.0,W,moderate_input,6.5,537.0,364.0,,,,,,,,,,,-9.607274084745516,-2.368715997548234
E3-POST1-L3-30cm-A,E3-POST1-L3-30,Routine,E3-POST1,10,wet,soil_water,L3,10.885,-0.868,30.0,A,low_input,6.7,395.0,300.0,45.31,22.21,17.08,3.37,,,,,,,,
E3-POST1-L3-30cm-I,E3-POST1-L3-30,Routine,E3-POST1,10,wet,soil_water,L3,10.885,-0.868,30.0,I,low_input,6.7,395.0,300.0,,,,,,,,51.1,2.913355439307024,10.703905920253868,,
E3-POST1-L3-30cm-U,E3-POST1-L3-30,Routine,E3-POST1,10,wet,soil_water,L3,10.885,-0.868,30.0,U,low_input,6.7,395.0,300.0,,,,,101.0,36.97,11.24,51.1,,,,
E3-POST1-L3-30cm-W,E3-POST1-L3-30,Routine,E3-POST1,10,wet,soil_water,L3,10.885,-0.868,30.0,W,low_input,6.7,395.0,300.0,,,,,,,,,,,-8.99169222665767,-2.82586723310478
E3-POST1-L3-60cm-A,E3-POST1-L3-60,Routine,E3-POST1,10,wet,soil_water,L3,10.885,-0.868,60.0,A,low_input,5.9,334.0,260.0,31.69,9.55,32.83,3.63,,,,,,,,
E3-POST1-L3-60cm-I,E3-POST1-L3-60,Routine,E3-POST1,10,wet,soil_water,L3,10.885,-0.868,60.0,I,low_input,5.9,334.0,260.0,,,,,,,,32.41,5.256872979301677,7.335042619002572,,
E3-POST1-L3-60cm-U,E3-POST1-L3-60,Routine,E3-POST1,10,wet,soil_water,L3,10.885,-0.868,60.0,U,low_input,5.9,334.0,260.0,,,,,77.0,42.56,18.31,32.41,,,,
E3-POST1-L3-60cm-W,E3-POST1-L3-60,Routine,E3-POST1,10,wet,soil_water,L3,10.885,-0.868,60.0,W,low_input,5.9,334.0,260.0,,,,,,,,,,,-1.3006953827843877,-1.7812218486387772
E3-POST1-L4-30cm-A,E3-POST1-L4-30,Routine,E3-POST1,10,wet,soil_water,L4,10.891,-0.89,30.0,A,high_input_manure,5.8,866.0,688.0,70.74,24.56,26.48,4.15,,,,,,,,
E3-POST1-L4-30cm-I,E3-POST1-L4-30,Routine,E3-POST1,10,wet,soil_water,L4,10.891,-0.89,30.0,I,high_input_manure,5.8,866.0,688.0,,,,,,,,370.33,3.459229957661253,9.2863119750938,,
E3-POST1-L4-30cm-U,E3-POST1-L4-30,Routine,E3-POST1,10,wet,soil_water,L4,10.891,-0.89,30.0,U,high_input_manure,5.8,866.0,688.0,,,,,142.0,22.82,16.1,370.33,,,,
E3-POST1-L4-30cm-W,E3-POST1-L4-30,Routine,E3-POST1,10,wet,soil_water,L4,10.891,-0.89,30.0,W,high_input_manure,5.8,866.0,688.0,,,,,,,,,,,-16.955703565232724,-3.33643982581203
E3-POST1-L4-60cm-A,E3-POST1-L4-60,Routine,E3-POST1,10,wet,soil_water,L4,10.891,-0.89,60.0,A,high_input_manure,6.4,561.0,418.0,34.86,20.68,30.92,4.77,,,,,,,,
E3-POST1-L4-60cm-I,E3-POST1-L4-60,Routine,E3-POST1,10,wet,soil_water,L4,10.891,-0.89,60.0,I,high_input_manure,6.4,561.0,418.0,,,,,,,,196.23,1.520709018078612,10.73204280933994,,
E3-POST1-L4-60cm-U,E3-POST1-L4-60,Routine,E3-POST1,10,wet,soil_water,L4,10.891,-0.89,60.0,U,high_input_manure,6.4,561.0,418.0,,,,,47.0,49.04,25.75,196.23,,,,
E3-POST1-L4-60cm-W,E3-POST1-L4-60,Routine,E3-POST1,10,wet,soil_water,L4,10.891,-0.89,60.0,W,high_input_manure,6.4,561.0,418.0,,,,,,,,,,,-11.706750106837111,-3.097200997237258
E4-POST2-BH1-A,E4-POST2-BH1,Routine,E4-POST2,11,wet,groundwater,BH1,10.878,-0.915,,A,upgradient,7.5,485.0,342.0,56.64,14.82,16.97,2.14,,,,,,,,
E4-POST2-BH1-I,E4-POST2-BH1,Routine,E4-POST2,11,wet,groundwater,BH1,10.878,-0.915,,I,upgradient,7.5,485.0,342.0,,,,,,,,31.92,7.339937870283747,10.847629256901662,,
E4-POST2-BH1-U,E4-POST2-BH1,Routine,E4-POST2,11,wet,groundwater,BH1,10.878,-0.915,,U,upgradient,7.5,485.0,342.0,,,,,126.0,60.93,20.22,31.92,,,,
E4-POST2-BH1-W,E4-POST2-BH1,Routine,E4-POST2,11,wet,groundwater,BH1,10.878,-0.915,,W,upgradient,7.5,485.0,342.0,,,,,,,,,,,-21.930145171795765,-4.485147242910774
E4-POST2-BH2-A,E4-POST2-BH2,Routine,E4-POST2,11,wet,groundwater,BH2,10.875,-0.91,,A,downgradient,6.8,857.0,574.0,64.87,25.86,55.86,4.32,,,,,,,,
E4-POST2-BH2-I,E4-POST2-BH2,Routine,E4-POST2,11,wet,groundwater,BH2,10.875,-0.91,,I,downgradient,6.8,857.0,574.0,,,,,,,,32.04,13.591592888460069,11.49305275487522,,
E4-POST2-BH2-U,E4-POST2-BH2,Routine,E4-POST2,11,wet,groundwater,BH2,10.875,-0.91,,U,downgradient,6.8,857.0,574.0,,,,,268.0,59.12,58.26,32.04,,,,
E4-POST2-BH2-W,E4-POST2-BH2,Routine,E4-POST2,11,wet,groundwater,BH2,10.875,-0.91,,W,downgradient,6.8,857.0,574.0,,,,,,,,,,,-17.972265438613597,-4.087808545109452
E4-POST2-BH3-A,E4-POST2-BH3,Routine,E4-POST2,11,wet,groundwater,BH3,10.872,-0.905,,A,downgradient,6.8,1230.0,912.0,82.58,33.03,105.84,5.65,,,,,,,,
E4-POST2-BH3-I,E4-POST2-BH3,Routine,E4-POST2,11,wet,groundwater,BH3,10.872,-0.905,,I,downgradient,6.8,1230.0,912.0,,,,,,,,176.04,10.273915098193504,12.01030368355676,,
E4-POST2-BH3-U,E4-POST2-BH3,Routine,E4-POST2,11,wet,groundwater,BH3,10.872,-0.905,,U,downgradient,6.8,1230.0,912.0,,,,,425.0,32.36,45.85,176.04,,,,
E4-POST2-BH3-W,E4-POST2-BH3,Routine,E4-POST2,11,wet,groundwater,BH3,10.872,-0.905,,W,downgradient,6.8,1230.0,912.0,,,,,,,,,,,-21.164005764895265,-4.441360554212458
E4-POST2-BH4-A,E4-POST2-BH4,Routine,E4-POST2,11,wet,groundwater,BH4,10.869,-0.9,,A,downgradient,6.9,922.0,549.0,37.16,27.77,63.75,9.54,,,,,,,,
E4-POST2-BH4-I,E4-POST2-BH4,Routine,E4-POST2,11,wet,groundwater,BH4,10.869,-0.9,,I,downgradient,6.9,922.0,549.0,,,,,,,,220.09,10.193187609627545,14.468683930850595,,
E4-POST2-BH4-U,E4-POST2-BH4,Routine,E4-POST2,11,wet,groundwater,BH4,10.869,-0.9,,U,downgradient,6.9,922.0,549.0,,,,,115.0,35.95,34.21,220.09,,,,
E4-POST2-BH4-W,E4-POST2-BH4,Routine,E4-POST2,11,wet,groundwater,BH4,10.869,-0.9,,W,downgradient,6.9,922.0,549.0,,,,,,,,,,,-16.75257756740145,-3.5541739955230898
E4-POST2-L1-30cm-A,E4-POST2-L1-30,Routine,E4-POST2,11,wet,soil_water,L1,10.892,-0.928,30.0,A,high_input,5.7,880.0,522.0,79.93,19.15,33.9,3.01,,,,,,,,
E4-POST2-L1-30cm-I,E4-POST2-L1-30,Routine,E4-POST2,11,wet,soil_water,L1,10.892,-0.928,30.0,I,high_input,5.7,880.0,522.0,,,,,,,,123.36,1.2558155547310357,8.667744432250046,,
E4-POST2-L1-30cm-U,E4-POST2-L1-30,Routine,E4-POST2,11,wet,soil_water,L1,10.892,-0.928,30.0,U,high_input,5.7,880.0,522.0,,,,,153.0,58.23,39.22,123.36,,,,
E4-POST2-L1-30cm-W,E4-POST2-L1-30,Routine,E4-POST2,11,wet,soil_water,L1,10.892,-0.928,30.0,W,high_input,5.7,880.0,522.0,,,,,,,,,,,-3.670605288064015,-2.1932702572939187
E4-POST2-L1-60cm-A,E4-POST2-L1-60,Routine,E4-POST2,11,wet,soil_water,L1,10.892,-0.928,60.0,A,high_input,6.0,842.0,573.0,85.7,26.11,19.69,3.64,,,,,,,,
E4-POST2-L1-60cm-I,E4-POST2-L1-60,Routine,E4-POST2,11,wet,soil_water,L1,10.892,-0.928,60.0,I,high_input,6.0,842.0,573.0,,,,,,,,203.52,2.821654540865365,14.537077435679905,,
E4-POST2-L1-60cm-U,E4-POST2-L1-60,Routine,E4-POST2,11,wet,soil_water,L1,10.892,-0.928,60.0,U,high_input,6.0,842.0,573.0,,,,,158.0,17.75,52.69,203.52,,,,
E4-POST2-L1-60cm-W,E4-POST2-L1-60,Routine,E4-POST2,11,wet,soil_water,L1,10.892,-0.928,60.0,W,high_input,6.0,842.0,573.0,,,,,,,,,,,-8.282732115144483,-2.177664265344138
E4-POST2-L2-30cm-A,E4-POST2-L2-30,Routine,E4-POST2,11,wet,soil_water,L2,10.889,-0.925,30.0,A,moderate_input,6.8,650.0,493.0,53.99,15.94,48.56,3.4,,,,,,,,
E4-POST2-L2-30cm-I,E4-POST2-L2-30,Routine,E4-POST2,11,wet,soil_water,L2,10.889,-0.925,30.0,I,moderate_input,6.8,650.0,493.0,,,,,,,,158.23,2.961496509222953,10.668449318014543,,
E4-POST2-L2-30cm-U,E4-POST2-L2-30,Routine,E4-POST2,11,wet,soil_water,L2,10.889,-0.925,30.0,U,moderate_input,6.8,650.0,493.0,,,,,182.0,17.75,6.38,158.23,,,,
E4-POST2-L2-30cm-W,E4-POST2-L2-30,Routine,E4-POST2,11,wet,soil_water,L2,10.889,-0.925,30.0,W,moderate_input,6.8,650.0,493.0,,,,,,,,,,,-8.290906625285947,-2.648264611600162
E4-POST2-L2-60cm-A,E4-POST2-L2-60,Routine,E4-POST2,11,wet,soil_water,L2,10.889,-0.925,60.0,A,moderate_input,6.8,930.0,575.0,65.69,27.15,52.48,1.9,,,,,,,,
E4-POST2-L2-60cm-I,E4-POST2-L2-60,Routine,E4-POST2,11,wet,soil_water,L2,10.889,-0.925,60.0,I,moderate_input,6.8,930.0,575.0,,,,,,,,105.58,1.4211038013918351,9.614512077572096,,
E4-POST2-L2-60cm-U,E4-POST2-L2-60,Routine,E4-POST2,11,wet,soil_water,L2,10.889,-0.925,60.0,U,moderate_input,6.8,930.0,575.0,,,,,216.0,65.94,29.26,105.58,,,,
E4-POST2-L2-60cm-W,E4-POST2-L2-60,Routine,E4-POST2,11,wet,soil_water,L2,10.889,-0.925,60.0,W,moderate_input,6.8,930.0,575.0,,,,,,,,,,,-4.691791889471592,-1.8089340068748625
E4-POST2-L3-30cm-A,E4-POST2-L3-30,Routine,E4-POST2,11,wet,soil_water,L3,10.885,-0.868,30.0,A,low_input,5.9,457.0,351.0,46.51,15.61,32.22,1.77,,,,,,,,
E4-POST2-L3-30cm-I,E4-POST2-L3-30,Routine,E4-POST2,11,wet,soil_water,L3,10.885,-0.868,30.0,I,low_input,5.9,457.0,351.0,,,,,,,,74.71,2.0864553045167207,11.923241551767097,,
E4-POST2-L3-30cm-U,E4-POST2-L3-30,Routine,E4-POST2,11,wet,soil_water,L3,10.885,-0.868,30.0,U,low_input,5.9,457.0,351.0,,,,,158.0,10.39,4.87,74.71,,,,
E4-POST2-L3-30cm-W,E4-POST2-L3-30,Routine,E4-POST2,11,wet,soil_water,L3,10.885,-0.868,30.0,W,low_input,5.9,457.0,351.0,,,,,,,,,,,-10.626757299060982,-3.026800376588961
E4-POST2-L3-60cm-A,E4-POST2-L3-60,Routine,E4-POST2,11,wet,soil_water,L3,10.885,-0.868,60.0,A,low_input,6.2,739.0,452.0,51.47,22.93,32.75,1.08,,,,,,,,
E4-POST2-L3-60cm-I,E4-POST2-L3-60,Routine,E4-POST2,11,wet,soil_water,L3,10.885,-0.868,60.0,I,low_input,6.2,739.0,452.0,,,,,,,,46.52,5.519292788799197,5.647939736713561,,
E4-POST2-L3-60cm-U,E4-POST2-L3-60,Routine,E4-POST2,11,wet,soil_water,L3,10.885,-0.868,60.0,U,low_input,6.2,739.0,452.0,,,,,234.0,37.23,20.59,46.52,,,,
E4-POST2-L3-60cm-W,E4-POST2-L3-60,Routine,E4-POST2,11,wet,soil_water,L3,10.885,-0.868,60.0,W,low_input,6.2,739.0,452.0,,,,,,,,,,,-13.76115303999083,-2.872662099895745
E4-POST2-L4-30cm-A,E4-POST2-L4-30,Routine,E4-POST2,11,wet,soil_water,L4,10.891,-0.89,30.0,A,high_input_manure,5.6,1041.0,633.0,103.0,22.52,33.88,5.43,,,,,,,,
E4-POST2-L4-30cm-I,E4-POST2-L4-30,Routine,E4-POST2,11,wet,soil_water,L4,10.891,-0.89,30.0,I,high_input_manure,5.6,1041.0,633.0,,,,,,,,191.38,-0.5498861765276131,8.95529641555361,,
E4-POST2-L4-30cm-U,E4-POST2-L4-30,Routine,E4-POST2,11,wet,soil_water,L4,10.891,-0.89,30.0,U,high_input_manure,5.6,1041.0,633.0,,,,,166.0,64.7,38.54,191.38,,,,
E4-POST2-L4-30cm-W,E4-POST2-L4-30,Routine,E4-POST2,11,wet,soil_water,L4,10.891,-0.89,30.0,W,high_input_manure,5.6,1041.0,633.0,,,,,,,,,,,-11.145991052635855,-3.023500188575176
E4-POST2-L4-60cm-A,E4-POST2-L4-60,Routine,E4-POST2,11,wet,soil_water,L4,10.891,-0.89,60.0,A,high_input_manure,5.8,1110.0,792.0,109.05,30.6,18.29,7.25,,,,,,,,
E4-POST2-L4-60cm-I,E4-POST2-L4-60,Routine,E4-POST2,11,wet,soil_water,L4,10.891,-0.89,60.0,I,high_input_manure,5.8,1110.0,792.0,,,,,,,,342.08,3.973763399841508,10.35455771517362,,
E4-POST2-L4-60cm-U,E4-POST2-L4-60,Routine,E4-POST2,11,wet,soil_water,L4,10.891,-0.89,60.0,U,high_input_manure,5.8,1110.0,792.0,,,,,205.0,20.81,52.78,342.08,,,,
E4-POST2-L4-60cm-W,E4-POST2-L4-60,Routine,E4-POST2,11,wet,soil_water,L4,10.891,-0.89,60.0,W,high_input_manure,5.8,1110.0,792.0,,,,,,,,,,,-7.311647284454924,-2.4209903548925293
E5-PEAK-AW1-A,E5-PEAK-AW1,Routine,E5-PEAK,13,wet_peak,groundwater,AW1,10.865,-0.895,,A,supplementary,7.5,751.0,464.0,45.1,11.69,57.47,7.22,,,,,,,,
E5-PEAK-AW1-U,E5-PEAK-AW1,Routine,E5-PEAK,13,wet_peak,groundwater,AW1,10.865,-0.895,,U,supplementary,7.5,751.0,464.0,,,,,227.0,13.75,72.44,19.23,,,,
E5-PEAK-AW1-W,E5-PEAK-AW1,Routine,E5-PEAK,13,wet_peak,groundwater,AW1,10.865,-0.895,,W,supplementary,7.5,751.0,464.0,,,,,,,,,,,-22.293168054462527,-4.488909183186191
E5-PEAK-AW2-A,E5-PEAK-AW2,Routine,E5-PEAK,13,wet_peak,groundwater,AW2,10.863,-0.892,,A,supplementary,7.2,978.0,725.0,100.46,24.41,58.17,5.57,,,,,,,,
E5-PEAK-AW2-U,E5-PEAK-AW2,Routine,E5-PEAK,13,wet_peak,groundwater,AW2,10.863,-0.892,,U,supplementary,7.2,978.0,725.0,,,,,402.0,88.66,11.17,23.81,,,,
E5-PEAK-AW2-W,E5-PEAK-AW2,Routine,E5-PEAK,13,wet_peak,groundwater,AW2,10.863,-0.892,,W,supplementary,7.2,978.0,725.0,,,,,,,,,,,-7.372781227629634,-2.5233429307552253
E5-PEAK-AW3-A,E5-PEAK-AW3,Routine,E5-PEAK,13,wet_peak,groundwater,AW3,10.861,-0.889,,A,supplementary,6.6,964.0,699.0,87.99,26.53,51.09,7.43,,,,,,,,
E5-PEAK-AW3-U,E5-PEAK-AW3,Routine,E5-PEAK,13,wet_peak,groundwater,AW3,10.861,-0.889,,U,supplementary,6.6,964.0,699.0,,,,,271.0,36.07,77.65,133.31,,,,
E5-PEAK-AW3-W,E5-PEAK-AW3,Routine,E5-PEAK,13,wet_peak,groundwater,AW3,10.861,-0.889,,W,supplementary,6.6,964.0,699.0,,,,,,,,,,,-20.968075575182088,-4.305923682722278
E5-PEAK-AW4-A,E5-PEAK-AW4,Routine,E5-PEAK,13,wet_peak,groundwater,AW4,10.859,-0.886,,A,supplementary,7.2,835.0,546.0,69.4,20.32,38.45,10.19,,,,,,,,
E5-PEAK-AW4-U,E5-PEAK-AW4,Routine,E5-PEAK,13,wet_peak,groundwater,AW4,10.859,-0.886,,U,supplementary,7.2,835.0,546.0,,,,,213.0,14.15,71.45,98.16,,,,
E5-PEAK-AW4-W,E5-PEAK-AW4,Routine,E5-PEAK,13,wet_peak,groundwater,AW4,10.859,-0.886,,W,supplementary,7.2,835.0,546.0,,,,,,,,,,,-7.938156637456774,-2.5739910680154834
E5-PEAK-AW5-A,E5-PEAK-AW5,Routine,E5-PEAK,13,wet_peak,groundwater,AW5,10.857,-0.883,,A,supplementary,7.1,937.0,640.0,55.52,30.12,79.04,2.82,,,,,,,,
E5-PEAK-AW5-U,E5-PEAK-AW5,Routine,E5-PEAK,13,wet_peak,groundwater,AW5,10.857,-0.883,,U,supplementary,7.1,937.0,640.0,,,,,203.0,80.36,52.13,131.32,,,,
E5-PEAK-AW5-W,E5-PEAK-AW5,Routine,E5-PEAK,13,wet_peak,groundwater,AW5,10.857,-0.883,,W,supplementary,7.1,937.0,640.0,,,,,,,,,,,-8.235724523130383,-2.902154533569973
E5-PEAK-AW6-A,E5-PEAK-AW6,Routine,E5-PEAK,13,wet_peak,groundwater,AW6,10.855,-0.88,,A,supplementary,6.9,1097.0,732.0,105.05,24.73,49.17,4.23,,,,,,,,
E5-PEAK-AW6-U,E5-PEAK-AW6,Routine,E5-PEAK,13,wet_peak,groundwater,AW6,10.855,-0.88,,U,supplementary,6.9,1097.0,732.0,,,,,356.0,74.72,17.46,88.76,,,,
E5-PEAK-AW6-W,E5-PEAK-AW6,Routine,E5-PEAK,13,wet_peak,groundwater,AW6,10.855,-0.88,,W,supplementary,6.9,1097.0,732.0,,,,,,,,,,,-19.31033330032308,-4.083503406522127
E5-PEAK-AW7-A,E5-PEAK-AW7,Routine,E5-PEAK,13,wet_peak,groundwater,AW7,10.853,-0.877,,A,supplementary,6.9,1031.0,705.0,117.23,24.7,27.83,1.65,,,,,,,,
E5-PEAK-AW7-U,E5-PEAK-AW7,Routine,E5-PEAK,13,wet_peak,groundwater,AW7,10.853,-0.877,,U,supplementary,6.9,1031.0,705.0,,,,,363.0,29.15,43.6,86.83,,,,
E5-PEAK-AW7-W,E5-PEAK-AW7,Routine,E5-PEAK,13,wet_peak,groundwater,AW7,10.853,-0.877,,W,supplementary,6.9,1031.0,705.0,,,,,,,,,,,-11.488837002001604,-3.0687974496913903
E5-PEAK-AW8-A,E5-PEAK-AW8,Routine,E5-PEAK,13,wet_peak,groundwater,AW8,10.851,-0.874,,A,supplementary,7.3,954.0,734.0,75.26,40.32,68.61,6.35,,,,,,,,
E5-PEAK-AW8-U,E5-PEAK-AW8,Routine,E5-PEAK,13,wet_peak,groundwater,AW8,10.851,-0.874,,U,supplementary,7.3,954.0,734.0,,,,,350.0,106.07,20.56,54.25,,,,
E5-PEAK-AW8-W,E5-PEAK-AW8,Routine,E5-PEAK,13,wet_peak,groundwater,AW8,10.851,-0.874,,W,supplementary,7.3,954.0,734.0,,,,,,,,,,,-16.961078988437478,-4.1179860892591575
E5-PEAK-BH1-A,E5-PEAK-BH1,Routine,E5-PEAK,13,wet_peak,groundwater,BH1,10.878,-0.915,,A,upgradient,6.8,1132.0,763.0,109.27,20.68,71.84,2.01,,,,,,,,
E5-PEAK-BH1-I,E5-PEAK-BH1,Routine,E5-PEAK,13,wet_peak,groundwater,BH1,10.878,-0.915,,I,upgradient,6.8,1132.0,763.0,,,,,,,,29.95,8.253751832381466,11.192759109137397,,
E5-PEAK-BH1-U,E5-PEAK-BH1,Routine,E5-PEAK,13,wet_peak,groundwater,BH1,10.878,-0.915,,U,upgradient,6.8,1132.0,763.0,,,,,401.0,106.18,14.1,29.95,,,,
E5-PEAK-BH1-W,E5-PEAK-BH1,Routine,E5-PEAK,13,wet_peak,groundwater,BH1,10.878,-0.915,,W,upgradient,6.8,1132.0,763.0,,,,,,,,,,,-23.073156214277933,-4.449515284400713
E5-PEAK-BH2-A,E5-PEAK-BH2,Routine,E5-PEAK,13,wet_peak,groundwater,BH2,10.875,-0.91,,A,downgradient,7.4,1004.0,588.0,69.23,42.9,22.22,6.28,,,,,,,,
E5-PEAK-BH2-I,E5-PEAK-BH2,Routine,E5-PEAK,13,wet_peak,groundwater,BH2,10.875,-0.91,,I,downgradient,7.4,1004.0,588.0,,,,,,,,24.57,11.012426601960456,8.40469181078031,,
E5-PEAK-BH2-U,E5-PEAK-BH2,Routine,E5-PEAK,13,wet_peak,groundwater,BH2,10.875,-0.91,,U,downgradient,7.4,1004.0,588.0,,,,,300.0,63.99,50.23,24.57,,,,
E5-PEAK-BH2-W,E5-PEAK-BH2,Routine,E5-PEAK,13,wet_peak,groundwater,BH2,10.875,-0.91,,W,downgradient,7.4,1004.0,588.0,,,,,,,,,,,-7.992344489377837,-2.5139334778104168
E5-PEAK-BH3-A,E5-PEAK-BH3,Routine,E5-PEAK,13,wet_peak,groundwater,BH3,10.872,-0.905,,A,downgradient,7.0,1580.0,1070.0,98.75,43.05,119.1,5.08,,,,,,,,
E5-PEAK-BH3-I,E5-PEAK-BH3,Routine,E5-PEAK,13,wet_peak,groundwater,BH3,10.872,-0.905,,I,downgradient,7.0,1580.0,1070.0,,,,,,,,212.79,10.245753094072688,9.284071489450078,,
E5-PEAK-BH3-U,E5-PEAK-BH3,Routine,E5-PEAK,13,wet_peak,groundwater,BH3,10.872,-0.905,,U,downgradient,7.0,1580.0,1070.0,,,,,467.0,36.67,81.36,212.79,,,,
E5-PEAK-BH3-W,E5-PEAK-BH3,Routine,E5-PEAK,13,wet_peak,groundwater,BH3,10.872,-0.905,,W,downgradient,7.0,1580.0,1070.0,,,,,,,,,,,-21.982883139479025,-4.289108267789098
E5-PEAK-BH4-A,E5-PEAK-BH4,Routine,E5-PEAK,13,wet_peak,groundwater,BH4,10.869,-0.9,,A,downgradient,6.6,1097.0,690.0,93.95,24.62,45.12,5.17,,,,,,,,
E5-PEAK-BH4-I,E5-PEAK-BH4,Routine,E5-PEAK,13,wet_peak,groundwater,BH4,10.869,-0.9,,I,downgradient,6.6,1097.0,690.0,,,,,,,,116.23,11.803660813019228,13.806653607396637,,
E5-PEAK-BH4-U,E5-PEAK-BH4,Routine,E5-PEAK,13,wet_peak,groundwater,BH4,10.869,-0.9,,U,downgradient,6.6,1097.0,690.0,,,,,336.0,39.47,18.28,116.23,,,,
E5-PEAK-BH4-W,E5-PEAK-BH4,Routine,E5-PEAK,13,wet_peak,groundwater,BH4,10.869,-0.9,,W,downgradient,6.6,1097.0,690.0,,,,,,,,,,,-18.56698073504834,-3.937530437094183
E5-PEAK-L1-30cm-A,E5-PEAK-L1-30,Routine,E5-PEAK,13,wet_peak,soil_water,L1,10.892,-0.928,30.0,A,high_input,6.5,410.0,295.0,30.48,11.85,27.49,4.1,,,,,,,,
E5-PEAK-L1-30cm-I,E5-PEAK-L1-30,Routine,E5-PEAK,13,wet_peak,soil_water,L1,10.892,-0.928,30.0,I,high_input,6.5,410.0,295.0,,,,,,,,124.55,-1.964342937658821,11.657191259273644,,
E5-PEAK-L1-30cm-U,E5-PEAK-L1-30,Routine,E5-PEAK,13,wet_peak,soil_water,L1,10.892,-0.928,30.0,U,high_input,6.5,410.0,295.0,,,,,54.0,24.84,10.62,124.55,,,,
E5-PEAK-L1-30cm-W,E5-PEAK-L1-30,Routine,E5-PEAK,13,wet_peak,soil_water,L1,10.892,-0.928,30.0,W,high_input,6.5,410.0,295.0,,,,,,,,,,,-9.721555462816193,-2.432228036603411
E5-PEAK-L1-60cm-A,E5-PEAK-L1-60,Routine,E5-PEAK,13,wet_peak,soil_water,L1,10.892,-0.928,60.0,A,high_input,5.8,759.0,529.0,72.92,20.6,29.85,3.46,,,,,,,,
E5-PEAK-L1-60cm-I,E5-PEAK-L1-60,Routine,E5-PEAK,13,wet_peak,soil_water,L1,10.892,-0.928,60.0,I,high_input,5.8,759.0,529.0,,,,,,,,268.65,2.848699639765706,9.036311107275168,,
E5-PEAK-L1-60cm-U,E5-PEAK-L1-60,Routine,E5-PEAK,13,wet_peak,soil_water,L1,10.892,-0.928,60.0,U,high_input,5.8,759.0,529.0,,,,,42.0,29.35,51.28,268.65,,,,
E5-PEAK-L1-60cm-W,E5-PEAK-L1-60,Routine,E5-PEAK,13,wet_peak,soil_water,L1,10.892,-0.928,60.0,W,high_input,5.8,759.0,529.0,,,,,,,,,,,-4.883685780120355,-1.7248130790644502
E5-PEAK-L2-30cm-A,E5-PEAK-L2-30,Routine,E5-PEAK,13,wet_peak,soil_water,L2,10.889,-0.925,30.0,A,moderate_input,6.7,462.0,333.0,29.81,8.24,46.31,5.05,,,,,,,,
E5-PEAK-L2-30cm-I,E5-PEAK-L2-30,Routine,E5-PEAK,13,wet_peak,soil_water,L2,10.889,-0.925,30.0,I,moderate_input,6.7,462.0,333.0,,,,,,,,121.9,-0.3652098448201931,12.99446215413542,,
E5-PEAK-L2-30cm-U,E5-PEAK-L2-30,Routine,E5-PEAK,13,wet_peak,soil_water,L2,10.889,-0.925,30.0,U,moderate_input,6.7,462.0,333.0,,,,,43.0,42.31,23.27,121.9,,,,
E5-PEAK-L2-30cm-W,E5-PEAK-L2-30,Routine,E5-PEAK,13,wet_peak,soil_water,L2,10.889,-0.925,30.0,W,moderate_input,6.7,462.0,333.0,,,,,,,,,,,-14.657615577160286,-3.4082095355956588
E5-PEAK-L2-60cm-A,E5-PEAK-L2-60,Routine,E5-PEAK,13,wet_peak,soil_water,L2,10.889,-0.925,60.0,A,moderate_input,5.4,793.0,495.0,83.95,21.26,13.65,6.59,,,,,,,,
E5-PEAK-L2-60cm-I,E5-PEAK-L2-60,Routine,E5-PEAK,13,wet_peak,soil_water,L2,10.889,-0.925,60.0,I,moderate_input,5.4,793.0,495.0,,,,,,,,113.82,5.275554005192042,15.679185370367431,,
E5-PEAK-L2-60cm-U,E5-PEAK-L2-60,Routine,E5-PEAK,13,wet_peak,soil_water,L2,10.889,-0.925,60.0,U,moderate_input,5.4,793.0,495.0,,,,,180.0,47.76,22.42,113.82,,,,
E5-PEAK-L2-60cm-W,E5-PEAK-L2-60,Routine,E5-PEAK,13,wet_peak,soil_water,L2,10.889,-0.925,60.0,W,moderate_input,5.4,793.0,495.0,,,,,,,,,,,-7.805343490056163,-2.640373324226836
E5-PEAK-L3-30cm-A,E5-PEAK-L3-30,Routine,E5-PEAK,13,wet_peak,soil_water,L3,10.885,-0.868,30.0,A,low_input,5.9,332.0,200.0,23.06,7.64,33.65,3.06,,,,,,,,
E5-PEAK-L3-30cm-I,E5-PEAK-L3-30,Routine,E5-PEAK,13,wet_peak,soil_water,L3,10.885,-0.868,30.0,I,low_input,5.9,332.0,200.0,,,,,,,,41.12,1.7797883398680732,11.508345570326927,,
E5-PEAK-L3-30cm-U,E5-PEAK-L3-30,Routine,E5-PEAK,13,wet_peak,soil_water,L3,10.885,-0.868,30.0,U,low_input,5.9,332.0,200.0,,,,,36.0,28.22,15.45,41.12,,,,
E5-PEAK-L3-30cm-W,E5-PEAK-L3-30,Routine,E5-PEAK,13,wet_peak,soil_water,L3,10.885,-0.868,30.0,W,low_input,5.9,332.0,200.0,,,,,,,,,,,-11.893094616107922,-3.2024446875157926
E5-PEAK-L3-60cm-A,E5-PEAK-L3-60,Routine,E5-PEAK,13,wet_peak,soil_water,L3,10.885,-0.868,60.0,A,low_input,6.8,498.0,372.0,70.14,17.08,9.59,3.59,,,,,,,,
E5-PEAK-L3-60cm-I,E5-PEAK-L3-60,Routine,E5-PEAK,13,wet_peak,soil_water,L3,10.885,-0.868,60.0,I,low_input,6.8,498.0,372.0,,,,,,,,42.95,4.411427006263952,11.308331460742195,,
E5-PEAK-L3-60cm-U,E5-PEAK-L3-60,Routine,E5-PEAK,13,wet_peak,soil_water,L3,10.885,-0.868,60.0,U,low_input,6.8,498.0,372.0,,,,,179.0,25.55,16.55,42.95,,,,
E5-PEAK-L3-60cm-W,E5-PEAK-L3-60,Routine,E5-PEAK,13,wet_peak,soil_water,L3,10.885,-0.868,60.0,W,low_input,6.8,498.0,372.0,,,,,,,,,,,-15.071060520759808,-3.467215038248137
E5-PEAK-L4-30cm-A,E5-PEAK-L4-30,Routine,E5-PEAK,13,wet_peak,soil_water,L4,10.891,-0.89,30.0,A,high_input_manure,6.1,481.0,395.0,33.6,13.44,29.83,9.74,,,,,,,,
E5-PEAK-L4-30cm-I,E5-PEAK-L4-30,Routine,E5-PEAK,13,wet_peak,soil_water,L4,10.891,-0.89,30.0,I,high_input_manure,6.1,481.0,395.0,,,,,,,,196.49,-1.9535749152445765,8.848222774452337,,
E5-PEAK-L4-30cm-U,E5-PEAK-L4-30,Routine,E5-PEAK,13,wet_peak,soil_water,L4,10.891,-0.89,30.0,U,high_input_manure,6.1,481.0,395.0,,,,,58.0,32.24,11.1,196.49,,,,
E5-PEAK-L4-30cm-W,E5-PEAK-L4-30,Routine,E5-PEAK,13,wet_peak,soil_water,L4,10.891,-0.89,30.0,W,high_input_manure,6.1,481.0,395.0,,,,,,,,,,,-11.010032350150505,-3.049003179099953
E5-PEAK-L4-60cm-A,E5-PEAK-L4-60,Routine,E5-PEAK,13,wet_peak,soil_water,L4,10.891,-0.89,60.0,A,high_input_manure,6.4,1012.0,754.0,74.96,28.2,32.25,7.37,,,,,,,,
E5-PEAK-L4-60cm-I,E5-PEAK-L4-60,Routine,E5-PEAK,13,wet_peak,soil_water,L4,10.891,-0.89,60.0,I,high_input_manure,6.4,1012.0,754.0,,,,,,,,469.75,1.3176643355636373,12.301452793349425,,
E5-PEAK-L4-60cm-U,E5-PEAK-L4-60,Routine,E5-PEAK,13,wet_peak,soil_water,L4,10.891,-0.89,60.0,U,high_input_manure,6.4,1012.0,754.0,,,,,47.0,35.36,52.19,469.75,,,,
E5-PEAK-L4-60cm-W,E5-PEAK-L4-60,Routine,E5-PEAK,13,wet_peak,soil_water,L4,10.891,-0.89,60.0,W,high_input_manure,6.4,1012.0,754.0,,,,,,,,,,,-6.624650896776564,-2.3557064640310776
E6-LATE-BH1-A,E6-LATE-BH1,Routine,E6-LATE,17,wet_late,groundwater,BH1,10.878,-0.915,,A,upgradient,6.5,1106.0,722.0,120.69,27.2,22.66,3.47,,,,,,,,
E6-LATE-BH1-I,E6-LATE-BH1,Routine,E6-LATE,17,wet_late,groundwater,BH1,10.878,-0.915,,I,upgradient,6.5,1106.0,722.0,,,,,,,,15.81,6.491226966586647,8.511761153880155,,
E6-LATE-BH1-U,E6-LATE-BH1,Routine,E6-LATE,17,wet_late,groundwater,BH1,10.878,-0.915,,U,upgradient,6.5,1106.0,722.0,,,,,431.0,12.01,76.66,15.81,,,,
E6-LATE-BH1-W,E6-LATE-BH1,Routine,E6-LATE,17,wet_late,groundwater,BH1,10.878,-0.915,,W,upgradient,6.5,1106.0,722.0,,,,,,,,,,,-13.011627019933508,-3.59382215090774
E6-LATE-BH2-A,E6-LATE-BH2,Routine,E6-LATE,17,wet_late,groundwater,BH2,10.875,-0.91,,A,downgradient,7.2,583.0,425.0,63.65,27.6,13.47,2.46,,,,,,,,
E6-LATE-BH2-I,E6-LATE-BH2,Routine,E6-LATE,17,wet_late,groundwater,BH2,10.875,-0.91,,I,downgradient,7.2,583.0,425.0,,,,,,,,90.84,11.524962484877015,13.689514229708848,,
E6-LATE-BH2-U,E6-LATE-BH2,Routine,E6-LATE,17,wet_late,groundwater,BH2,10.875,-0.91,,U,downgradient,7.2,583.0,425.0,,,,,112.0,93.77,11.08,90.84,,,,
E6-LATE-BH2-W,E6-LATE-BH2,Routine,E6-LATE,17,wet_late,groundwater,BH2,10.875,-0.91,,W,downgradient,7.2,583.0,425.0,,,,,,,,,,,-13.550205871491084,-3.3879304924697062
E6-LATE-BH3-A,E6-LATE-BH3,Routine,E6-LATE,17,wet_late,groundwater,BH3,10.872,-0.905,,A,downgradient,6.4,726.0,509.0,94.62,16.21,22.51,3.42,,,,,,,,
E6-LATE-BH3-I,E6-LATE-BH3,Routine,E6-LATE,17,wet_late,groundwater,BH3,10.872,-0.905,,I,downgradient,6.4,726.0,509.0,,,,,,,,136.62,8.02119326579749,10.885334263249772,,
E6-LATE-BH3-U,E6-LATE-BH3,Routine,E6-LATE,17,wet_late,groundwater,BH3,10.872,-0.905,,U,downgradient,6.4,726.0,509.0,,,,,111.0,104.82,8.86,136.62,,,,
E6-LATE-BH3-W,E6-LATE-BH3,Routine,E6-LATE,17,wet_late,groundwater,BH3,10.872,-0.905,,W,downgradient,6.4,726.0,509.0,,,,,,,,,,,-9.215029877490268,-2.6450900028746966
E6-LATE-BH4-A,E6-LATE-BH4,Routine,E6-LATE,17,wet_late,groundwater,BH4,10.869,-0.9,,A,downgradient,7.1,1209.0,764.0,93.79,18.11,85.92,4.42,,,,,,,,
E6-LATE-BH4-I,E6-LATE-BH4,Routine,E6-LATE,17,wet_late,groundwater,BH4,10.869,-0.9,,I,downgradient,7.1,1209.0,764.0,,,,,,,,52.3,10.312546806336991,12.440673360843212,,
E6-LATE-BH4-U,E6-LATE-BH4,Routine,E6-LATE,17,wet_late,groundwater,BH4,10.869,-0.9,,U,downgradient,7.1,1209.0,764.0,,,,,389.0,33.88,73.95,52.3,,,,
E6-LATE-BH4-W,E6-LATE-BH4,Routine,E6-LATE,17,wet_late,groundwater,BH4,10.869,-0.9,,W,downgradient,7.1,1209.0,764.0,,,,,,,,,,,-14.657714106092458,-3.755207038811776
E6-LATE-L1-30cm-A,E6-LATE-L1-30,Routine,E6-LATE,17,wet_late,soil_water,L1,10.892,-0.928,30.0,A,high_input,6.2,524.0,389.0,53.93,6.36,45.0,2.26,,,,,,,,
E6-LATE-L1-30cm-I,E6-LATE-L1-30,Routine,E6-LATE,17,wet_late,soil_water,L1,10.892,-0.928,30.0,I,high_input,6.2,524.0,389.0,,,,,,,,77.32,-1.8403333066402427,17.20149229759005,,
E6-LATE-L1-30cm-U,E6-LATE-L1-30,Routine,E6-LATE,17,wet_late,soil_water,L1,10.892,-0.928,30.0,U,high_input,6.2,524.0,389.0,,,,,116.0,63.43,15.2,77.32,,,,
E6-LATE-L1-30cm-W,E6-LATE-L1-30,Routine,E6-LATE,17,wet_late,soil_water,L1,10.892,-0.928,30.0,W,high_input,6.2,524.0,389.0,,,,,,,,,,,-3.6964568254982977,-2.138194002010087
E6-LATE-L1-60cm-A,E6-LATE-L1-60,Routine,E6-LATE,17,wet_late,soil_water,L1,10.892,-0.928,60.0,A,high_input,6.1,831.0,577.0,83.5,27.89,25.41,2.6,,,,,,,,
E6-LATE-L1-60cm-I,E6-LATE-L1-60,Routine,E6-LATE,17,wet_late,soil_water,L1,10.892,-0.928,60.0,I,high_input,6.1,831.0,577.0,,,,,,,,96.81,2.3162621720024053,15.517798036471484,,
E6-LATE-L1-60cm-U,E6-LATE-L1-60,Routine,E6-LATE,17,wet_late,soil_water,L1,10.892,-0.928,60.0,U,high_input,6.1,831.0,577.0,,,,,258.0,47.09,25.67,96.81,,,,
E6-LATE-L1-60cm-W,E6-LATE-L1-60,Routine,E6-LATE,17,wet_late,soil_water,L1,10.892,-0.928,60.0,W,high_input,6.1,831.0,577.0,,,,,,,,,,,-9.024394206768765,-2.7202515393434155
E6-LATE-L2-30cm-A,E6-LATE-L2-30,Routine,E6-LATE,17,wet_late,soil_water,L2,10.889,-0.925,30.0,A,moderate_input,5.6,651.0,391.0,60.31,8.98,21.96,6.38,,,,,,,,
E6-LATE-L2-30cm-I,E6-LATE-L2-30,Routine,E6-LATE,17,wet_late,soil_water,L2,10.889,-0.925,30.0,I,moderate_input,5.6,651.0,391.0,,,,,,,,54.34,0.8464558721432389,8.179978258430406,,
E6-LATE-L2-30cm-U,E6-LATE-L2-30,Routine,E6-LATE,17,wet_late,soil_water,L2,10.889,-0.925,30.0,U,moderate_input,5.6,651.0,391.0,,,,,210.0,10.89,9.61,54.34,,,,
E6-LATE-L2-30cm-W,E6-LATE-L2-30,Routine,E6-LATE,17,wet_late,soil_water,L2,10.889,-0.925,30.0,W,moderate_input,5.6,651.0,391.0,,,,,,,,,,,0.3639553541991773,-1.6246632864188084
E6-LATE-L2-60cm-A,E6-LATE-L2-60,Routine,E6-LATE,17,wet_late,soil_water,L2,10.889,-0.925,60.0,A,moderate_input,5.4,804.0,482.0,51.97,12.82,53.07,5.75,,,,,,,,
E6-LATE-L2-60cm-I,E6-LATE-L2-60,Routine,E6-LATE,17,wet_late,soil_water,L2,10.889,-0.925,60.0,I,moderate_input,5.4,804.0,482.0,,,,,,,,115.77,1.2916710037411068,10.536203147176703,,
E6-LATE-L2-60cm-U,E6-LATE-L2-60,Routine,E6-LATE,17,wet_late,soil_water,L2,10.889,-0.925,60.0,U,moderate_input,5.4,804.0,482.0,,,,,167.0,18.29,48.42,115.77,,,,
E6-LATE-L2-60cm-W,E6-LATE-L2-60,Routine,E6-LATE,17,wet_late,soil_water,L2,10.889,-0.925,60.0,W,moderate_input,5.4,804.0,482.0,,,,,,,,,,,-12.005516350512949,-2.827320942006411
E6-LATE-L3-30cm-A,E6-LATE-L3-30,Routine,E6-LATE,17,wet_late,soil_water,L3,10.885,-0.868,30.0,A,low_input,5.9,411.0,322.0,49.96,7.33,13.89,4.34,,,,,,,,
E6-LATE-L3-30cm-I,E6-LATE-L3-30,Routine,E6-LATE,17,wet_late,soil_water,L3,10.885,-0.868,30.0,I,low_input,5.9,411.0,322.0,,,,,,,,23.51,4.4113805059830815,10.756126703066077,,
E6-LATE-L3-30cm-U,E6-LATE-L3-30,Routine,E6-LATE,17,wet_late,soil_water,L3,10.885,-0.868,30.0,U,low_input,5.9,411.0,322.0,,,,,206.0,5.46,5.96,23.51,,,,
E6-LATE-L3-30cm-W,E6-LATE-L3-30,Routine,E6-LATE,17,wet_late,soil_water,L3,10.885,-0.868,30.0,W,low_input,5.9,411.0,322.0,,,,,,,,,,,-2.9688042561853143,-2.080753542881804
E6-LATE-L3-60cm-A,E6-LATE-L3-60,Routine,E6-LATE,17,wet_late,soil_water,L3,10.885,-0.868,60.0,A,low_input,6.5,619.0,372.0,42.08,12.03,38.76,3.13,,,,,,,,
E6-LATE-L3-60cm-I,E6-LATE-L3-60,Routine,E6-LATE,17,wet_late,soil_water,L3,10.885,-0.868,60.0,I,low_input,6.5,619.0,372.0,,,,,,,,52.02,2.347513639923269,5.919444702694533,,
E6-LATE-L3-60cm-U,E6-LATE-L3-60,Routine,E6-LATE,17,wet_late,soil_water,L3,10.885,-0.868,60.0,U,low_input,6.5,619.0,372.0,,,,,170.0,10.01,32.2,52.02,,,,
E6-LATE-L3-60cm-W,E6-LATE-L3-60,Routine,E6-LATE,17,wet_late,soil_water,L3,10.885,-0.868,60.0,W,low_input,6.5,619.0,372.0,,,,,,,,,,,-16.18761834046321,-3.2094725320590927
E6-LATE-L4-30cm-A,E6-LATE-L4-30,Routine,E6-LATE,17,wet_late,soil_water,L4,10.891,-0.89,30.0,A,high_input_manure,6.4,675.0,457.0,64.57,8.09,41.34,4.22,,,,,,,,
E6-LATE-L4-30cm-I,E6-LATE-L4-30,Routine,E6-LATE,17,wet_late,soil_water,L4,10.891,-0.89,30.0,I,high_input_manure,6.4,675.0,457.0,,,,,,,,115.72,1.6175931802415393,11.64187449756447,,
E6-LATE-L4-30cm-U,E6-LATE-L4-30,Routine,E6-LATE,17,wet_late,soil_water,L4,10.891,-0.89,30.0,U,high_input_manure,6.4,675.0,457.0,,,,,125.0,74.41,16.6,115.72,,,,
E6-LATE-L4-30cm-W,E6-LATE-L4-30,Routine,E6-LATE,17,wet_late,soil_water,L4,10.891,-0.89,30.0,W,high_input_manure,6.4,675.0,457.0,,,,,,,,,,,-9.09198420393392,-2.3708593148077126
E6-LATE-L4-60cm-A,E6-LATE-L4-60,Routine,E6-LATE,17,wet_late,soil_water,L4,10.891,-0.89,60.0,A,high_input_manure,6.2,958.0,661.0,103.41,34.88,25.8,5.18,,,,,,,,
E6-LATE-L4-60cm-I,E6-LATE-L4-60,Routine,E6-LATE,17,wet_late,soil_water,L4,10.891,-0.89,60.0,I,high_input_manure,6.2,958.0,661.0,,,,,,,,127.03,2.617482345404636,11.122096161336106,,
E6-LATE-L4-60cm-U,E6-LATE-L4-60,Routine,E6-LATE,17,wet_late,soil_water,L4,10.891,-0.89,60.0,U,high_input_manure,6.2,958.0,661.0,,,,,273.0,62.0,22.7,127.03,,,,
E6-LATE-L4-60cm-W,E6-LATE-L4-60,Routine,E6-LATE,17,wet_late,soil_water,L4,10.891,-0.89,60.0,W,high_input_manure,6.2,958.0,661.0,,,,,,,,,,,-8.45054345821714,-2.380524208710576
E7-END-AW1-A,E7-END-AW1,Routine,E7-END,21,dry_return,groundwater,AW1,10.865,-0.895,,A,supplementary,7.3,1315.0,897.0,113.85,31.21,73.72,5.01,,,,,,,,
E7-END-AW1-U,E7-END-AW1,Routine,E7-END,21,dry_return,groundwater,AW1,10.865,-0.895,,U,supplementary,7.3,1315.0,897.0,,,,,484.0,65.76,42.23,69.49,,,,
E7-END-AW1-W,E7-END-AW1,Routine,E7-END,21,dry_return,groundwater,AW1,10.865,-0.895,,W,supplementary,7.3,1315.0,897.0,,,,,,,,,,,-12.78843304844744,-3.414022434909613
E7-END-AW2-A,E7-END-AW2,Routine,E7-END,21,dry_return,groundwater,AW2,10.863,-0.892,,A,supplementary,7.0,1186.0,869.0,91.27,39.2,81.65,7.22,,,,,,,,
E7-END-AW2-U,E7-END-AW2,Routine,E7-END,21,dry_return,groundwater,AW2,10.863,-0.892,,U,supplementary,7.0,1186.0,869.0,,,,,430.0,65.65,51.83,95.8,,,,
E7-END-AW2-W,E7-END-AW2,Routine,E7-END,21,dry_return,groundwater,AW2,10.863,-0.892,,W,supplementary,7.0,1186.0,869.0,,,,,,,,,,,-7.544474340969851,-2.675735757044742
E7-END-AW3-A,E7-END-AW3,Routine,E7-END,21,dry_return,groundwater,AW3,10.861,-0.889,,A,supplementary,6.9,1067.0,656.0,90.85,22.97,57.94,1.96,,,,,,,,
E7-END-AW3-U,E7-END-AW3,Routine,E7-END,21,dry_return,groundwater,AW3,10.861,-0.889,,U,supplementary,6.9,1067.0,656.0,,,,,279.0,82.02,81.67,27.96,,,,
E7-END-AW3-W,E7-END-AW3,Routine,E7-END,21,dry_return,groundwater,AW3,10.861,-0.889,,W,supplementary,6.9,1067.0,656.0,,,,,,,,,,,-17.409028242343574,-4.034627242214238
E7-END-AW4-A,E7-END-AW4,Routine,E7-END,21,dry_return,groundwater,AW4,10.859,-0.886,,A,supplementary,7.2,908.0,643.0,58.5,31.8,71.02,7.97,,,,,,,,
E7-END-AW4-U,E7-END-AW4,Routine,E7-END,21,dry_return,groundwater,AW4,10.859,-0.886,,U,supplementary,7.2,908.0,643.0,,,,,207.0,100.6,36.66,124.22,,,,
E7-END-AW4-W,E7-END-AW4,Routine,E7-END,21,dry_return,groundwater,AW4,10.859,-0.886,,W,supplementary,7.2,908.0,643.0,,,,,,,,,,,-11.560909088875633,-2.9444619648905848
E7-END-AW5-A,E7-END-AW5,Routine,E7-END,21,dry_return,groundwater,AW5,10.857,-0.883,,A,supplementary,6.7,802.0,512.0,69.53,17.37,39.51,3.0,,,,,,,,
E7-END-AW5-U,E7-END-AW5,Routine,E7-END,21,dry_return,groundwater,AW5,10.857,-0.883,,U,supplementary,6.7,802.0,512.0,,,,,192.0,18.36,49.87,116.77,,,,
E7-END-AW5-W,E7-END-AW5,Routine,E7-END,21,dry_return,groundwater,AW5,10.857,-0.883,,W,supplementary,6.7,802.0,512.0,,,,,,,,,,,-9.564487508655944,-2.858851560644228
E7-END-AW6-A,E7-END-AW6,Routine,E7-END,21,dry_return,groundwater,AW6,10.855,-0.88,,A,supplementary,6.5,833.0,648.0,82.26,26.68,55.58,7.78,,,,,,,,
E7-END-AW6-U,E7-END-AW6,Routine,E7-END,21,dry_return,groundwater,AW6,10.855,-0.88,,U,supplementary,6.5,833.0,648.0,,,,,133.0,102.3,57.38,174.77,,,,
E7-END-AW6-W,E7-END-AW6,Routine,E7-END,21,dry_return,groundwater,AW6,10.855,-0.88,,W,supplementary,6.5,833.0,648.0,,,,,,,,,,,-11.344081638778675,-2.9404666758221096
E7-END-AW7-A,E7-END-AW7,Routine,E7-END,21,dry_return,groundwater,AW7,10.853,-0.877,,A,supplementary,6.7,969.0,634.0,57.69,30.41,64.72,3.48,,,,,,,,
E7-END-AW7-U,E7-END-AW7,Routine,E7-END,21,dry_return,groundwater,AW7,10.853,-0.877,,U,supplementary,6.7,969.0,634.0,,,,,334.0,56.56,14.05,61.22,,,,
E7-END-AW7-W,E7-END-AW7,Routine,E7-END,21,dry_return,groundwater,AW7,10.853,-0.877,,W,supplementary,6.7,969.0,634.0,,,,,,,,,,,-14.801700958185512,-3.834839460564648
E7-END-AW8-A,E7-END-AW8,Routine,E7-END,21,dry_return,groundwater,AW8,10.851,-0.874,,A,supplementary,6.9,770.0,509.0,50.2,36.27,32.42,8.61,,,,,,,,
E7-END-AW8-U,E7-END-AW8,Routine,E7-END,21,dry_return,groundwater,AW8,10.851,-0.874,,U,supplementary,6.9,770.0,509.0,,,,,211.0,55.11,55.6,52.65,,,,
E7-END-AW8-W,E7-END-AW8,Routine,E7-END,21,dry_return,groundwater,AW8,10.851,-0.874,,W,supplementary,6.9,770.0,509.0,,,,,,,,,,,-10.58660159611436,-3.1843698537003897
E7-END-BH1-A,E7-END-BH1,Routine,E7-END,21,dry_return,groundwater,BH1,10.878,-0.915,,A,upgradient,7.4,640.0,457.0,46.34,37.19,36.83,1.51,,,,,,,,
E7-END-BH1-I,E7-END-BH1,Routine,E7-END,21,dry_return,groundwater,BH1,10.878,-0.915,,I,upgradient,7.4,640.0,457.0,,,,,,,,54.62,8.441871716103146,7.225824707090596,,
E7-END-BH1-U,E7-END-BH1,Routine,E7-END,21,dry_return,groundwater,BH1,10.878,-0.915,,U,upgradient,7.4,640.0,457.0,,,,,81.0,119.92,73.76,54.62,,,,
E7-END-BH1-W,E7-END-BH1,Routine,E7-END,21,dry_return,groundwater,BH1,10.878,-0.915,,W,upgradient,7.4,640.0,457.0,,,,,,,,,,,-13.351539735892498,-3.558622503106915
E7-END-BH2-A,E7-END-BH2,Routine,E7-END,21,dry_return,groundwater,BH2,10.875,-0.91,,A,downgradient,7.5,1170.0,776.0,101.19,31.71,51.85,1.8,,,,,,,,
E7-END-BH2-I,E7-END-BH2,Routine,E7-END,21,dry_return,groundwater,BH2,10.875,-0.91,,I,downgradient,7.5,1170.0,776.0,,,,,,,,53.22,12.050210761456231,8.036167313919787,,
E7-END-BH2-U,E7-END-BH2,Routine,E7-END,21,dry_return,groundwater,BH2,10.875,-0.91,,U,downgradient,7.5,1170.0,776.0,,,,,438.0,55.64,31.96,53.22,,,,
E7-END-BH2-W,E7-END-BH2,Routine,E7-END,21,dry_return,groundwater,BH2,10.875,-0.91,,W,downgradient,7.5,1170.0,776.0,,,,,,,,,,,-21.69522852957678,-4.325184514694355
E7-END-BH3-A,E7-END-BH3,Routine,E7-END,21,dry_return,groundwater,BH3,10.872,-0.905,,A,downgradient,7.2,1405.0,869.0,103.42,20.97,98.36,6.47,,,,,,,,
E7-END-BH3-I,E7-END-BH3,Routine,E7-END,21,dry_return,groundwater,BH3,10.872,-0.905,,I,downgradient,7.2,1405.0,869.0,,,,,,,,192.88,13.66619323771154,10.947142885847502,,
E7-END-BH3-U,E7-END-BH3,Routine,E7-END,21,dry_return,groundwater,BH3,10.872,-0.905,,U,downgradient,7.2,1405.0,869.0,,,,,311.0,57.17,71.66,192.88,,,,
E7-END-BH3-W,E7-END-BH3,Routine,E7-END,21,dry_return,groundwater,BH3,10.872,-0.905,,W,downgradient,7.2,1405.0,869.0,,,,,,,,,,,-18.750306953378,-3.9596474651393327
E7-END-BH4-A,E7-END-BH4,Routine,E7-END,21,dry_return,groundwater,BH4,10.869,-0.9,,A,downgradient,7.1,1146.0,774.0,113.2,40.44,23.45,8.54,,,,,,,,
E7-END-BH4-I,E7-END-BH4,Routine,E7-END,21,dry_return,groundwater,BH4,10.869,-0.9,,I,downgradient,7.1,1146.0,774.0,,,,,,,,146.92,11.26391576532438,12.527200343020075,,
E7-END-BH4-U,E7-END-BH4,Routine,E7-END,21,dry_return,groundwater,BH4,10.869,-0.9,,U,downgradient,7.1,1146.0,774.0,,,,,363.0,38.68,29.76,146.92,,,,
E7-END-BH4-W,E7-END-BH4,Routine,E7-END,21,dry_return,groundwater,BH4,10.869,-0.9,,W,downgradient,7.1,1146.0,774.0,,,,,,,,,,,-17.144359644976632,-4.063929120901051
E7-END-L1-30cm-A,E7-END-L1-30,Routine,E7-END,21,dry_return,soil_water,L1,10.892,-0.928,30.0,A,high_input,6.2,874.0,515.0,75.23,8.77,44.83,6.69,,,,,,,,
E7-END-L1-30cm-I,E7-END-L1-30,Routine,E7-END,21,dry_return,soil_water,L1,10.892,-0.928,30.0,I,high_input,6.2,874.0,515.0,,,,,,,,71.33,0.737623594249377,10.798020184357703,,
E7-END-L1-30cm-U,E7-END-L1-30,Routine,E7-END,21,dry_return,soil_water,L1,10.892,-0.928,30.0,U,high_input,6.2,874.0,515.0,,,,,245.0,17.54,38.87,71.33,,,,
E7-END-L1-30cm-W,E7-END-L1-30,Routine,E7-END,21,dry_return,soil_water,L1,10.892,-0.928,30.0,W,high_input,6.2,874.0,515.0,,,,,,,,,,,-2.6795286901070954,-1.6342167037170368
E7-END-L1-60cm-A,E7-END-L1-60,Routine,E7-END,21,dry_return,soil_water,L1,10.892,-0.928,60.0,A,high_input,6.1,571.0,356.0,46.7,22.18,15.85,2.92,,,,,,,,
E7-END-L1-60cm-I,E7-END-L1-60,Routine,E7-END,21,dry_return,soil_water,L1,10.892,-0.928,60.0,I,high_input,6.1,571.0,356.0,,,,,,,,113.4,4.872518092795381,8.369737065841276,,
E7-END-L1-60cm-U,E7-END-L1-60,Routine,E7-END,21,dry_return,soil_water,L1,10.892,-0.928,60.0,U,high_input,6.1,571.0,356.0,,,,,46.0,56.83,43.58,113.4,,,,
E7-END-L1-60cm-W,E7-END-L1-60,Routine,E7-END,21,dry_return,soil_water,L1,10.892,-0.928,60.0,W,high_input,6.1,571.0,356.0,,,,,,,,,,,-11.761343772937682,-2.6115578773440395
E7-END-L2-30cm-A,E7-END-L2-30,Routine,E7-END,21,dry_return,soil_water,L2,10.889,-0.925,30.0,A,moderate_input,6.9,511.0,392.0,42.55,14.69,47.91,6.23,,,,,,,,
E7-END-L2-30cm-I,E7-END-L2-30,Routine,E7-END,21,dry_return,soil_water,L2,10.889,-0.925,30.0,I,moderate_input,6.9,511.0,392.0,,,,,,,,60.11,-0.7965840475430943,8.994782553557469,,
E7-END-L2-30cm-U,E7-END-L2-30,Routine,E7-END,21,dry_return,soil_water,L2,10.889,-0.925,30.0,U,moderate_input,6.9,511.0,392.0,,,,,79.0,87.94,42.83,60.11,,,,
E7-END-L2-30cm-W,E7-END-L2-30,Routine,E7-END,21,dry_return,soil_water,L2,10.889,-0.925,30.0,W,moderate_input,6.9,511.0,392.0,,,,,,,,,,,-0.9390385562835456,-1.6057609201851335
E7-END-L2-60cm-A,E7-END-L2-60,Routine,E7-END,21,dry_return,soil_water,L2,10.889,-0.925,60.0,A,moderate_input,6.3,767.0,513.0,38.34,29.19,56.28,1.56,,,,,,,,
E7-END-L2-60cm-I,E7-END-L2-60,Routine,E7-END,21,dry_return,soil_water,L2,10.889,-0.925,60.0,I,moderate_input,6.3,767.0,513.0,,,,,,,,148.49,1.2566372809750894,10.1680591228063,,
E7-END-L2-60cm-U,E7-END-L2-60,Routine,E7-END,21,dry_return,soil_water,L2,10.889,-0.925,60.0,U,moderate_input,6.3,767.0,513.0,,,,,136.0,44.72,48.29,148.49,,,,
E7-END-L2-60cm-W,E7-END-L2-60,Routine,E7-END,21,dry_return,soil_water,L2,10.889,-0.925,60.0,W,moderate_input,6.3,767.0,513.0,,,,,,,,,,,-8.923229482834259,-2.776365468937283
E7-END-L3-30cm-A,E7-END-L3-30,Routine,E7-END,21,dry_return,soil_water,L3,10.885,-0.868,30.0,A,low_input,6.8,394.0,288.0,37.79,14.56,37.51,3.58,,,,,,,,
E7-END-L3-30cm-I,E7-END-L3-30,Routine,E7-END,21,dry_return,soil_water,L3,10.885,-0.868,30.0,I,low_input,6.8,394.0,288.0,,,,,,,,29.65,2.54700863675112,7.078310612397988,,
E7-END-L3-30cm-U,E7-END-L3-30,Routine,E7-END,21,dry_return,soil_water,L3,10.885,-0.868,30.0,U,low_input,6.8,394.0,288.0,,,,,64.0,60.3,29.36,29.65,,,,
E7-END-L3-30cm-W,E7-END-L3-30,Routine,E7-END,21,dry_return,soil_water,L3,10.885,-0.868,30.0,W,low_input,6.8,394.0,288.0,,,,,,,,,,,0.1017910269237312,-1.5994967498616983
E7-END-L3-60cm-A,E7-END-L3-60,Routine,E7-END,21,dry_return,soil_water,L3,10.885,-0.868,60.0,A,low_input,6.4,475.0,356.0,29.09,25.6,43.35,0.88,,,,,,,,
E7-END-L3-60cm-I,E7-END-L3-60,Routine,E7-END,21,dry_return,soil_water,L3,10.885,-0.868,60.0,I,low_input,6.4,475.0,356.0,,,,,,,,65.22,3.5895719096729124,11.43932825157906,,
E7-END-L3-60cm-U,E7-END-L3-60,Routine,E7-END,21,dry_return,soil_water,L3,10.885,-0.868,60.0,U,low_input,6.4,475.0,356.0,,,,,116.0,27.34,38.02,65.22,,,,
E7-END-L3-60cm-W,E7-END-L3-60,Routine,E7-END,21,dry_return,soil_water,L3,10.885,-0.868,60.0,W,low_input,6.4,475.0,356.0,,,,,,,,,,,-6.5825043682792685,-2.1881537942230507
E7-END-L4-30cm-A,E7-END-L4-30,Routine,E7-END,21,dry_return,soil_water,L4,10.891,-0.89,30.0,A,high_input_manure,5.9,1038.0,655.0,89.11,12.25,41.6,13.5,,,,,,,,
E7-END-L4-30cm-I,E7-END-L4-30,Routine,E7-END,21,dry_return,soil_water,L4,10.891,-0.89,30.0,I,high_input_manure,5.9,1038.0,655.0,,,,,,,,117.78,-0.4559113655565734,8.826526759998682,,
E7-END-L4-30cm-U,E7-END-L4-30,Routine,E7-END,21,dry_return,soil_water,L4,10.891,-0.89,30.0,U,high_input_manure,5.9,1038.0,655.0,,,,,309.0,23.19,39.23,117.78,,,,
E7-END-L4-30cm-W,E7-END-L4-30,Routine,E7-END,21,dry_return,soil_water,L4,10.891,-0.89,30.0,W,high_input_manure,5.9,1038.0,655.0,,,,,,,,,,,-13.4283738845566,-2.972779307764336
E7-END-L4-60cm-A,E7-END-L4-60,Routine,E7-END,21,dry_return,soil_water,L4,10.891,-0.89,60.0,A,high_input_manure,6.3,764.0,477.0,58.03,29.78,17.02,7.04,,,,,,,,
E7-END-L4-60cm-I,E7-END-L4-60,Routine,E7-END,21,dry_return,soil_water,L4,10.891,-0.89,60.0,I,high_input_manure,6.3,764.0,477.0,,,,,,,,184.27,2.2994712847277903,8.260379851777717,,
E7-END-L4-60cm-U,E7-END-L4-60,Routine,E7-END,21,dry_return,soil_water,L4,10.891,-0.89,60.0,U,high_input_manure,6.3,764.0,477.0,,,,,52.0,71.07,45.3,184.27,,,,
E7-END-L4-60cm-W,E7-END-L4-60,Routine,E7-END,21,dry_return,soil_water,L4,10.891,-0.89,60.0,W,high_input_manure,6.3,764.0,477.0,,,,,,,,,,,-6.885730748164162,-2.249582933722397
