edge_id,source_node,target_node,particle_count,p_uv,travel_time_mean,travel_time_p10,travel_time_p50,travel_time_p90,travel_time_std,source,source_file
cell_130751->cell_16745,cell_130751,cell_16745,20,1.0,1178.95095,818.696,1062.2055,1645.294,381.80270406798974,USGS Savage MODPATH5 endpoint file,C:\Users\DicksonAbdul-Wahab\Desktop\NeutroProject\Groundwater\Hydrosheaf\M2\m2_benchmark\external\modpath\input\selected_output\base-MP.end
cell_130931->cell_15098,cell_130931,cell_15098,20,1.0,3370.8335000000006,2916.94,3287.58,3988.888,450.1561321922241,USGS Savage MODPATH5 endpoint file,C:\Users\DicksonAbdul-Wahab\Desktop\NeutroProject\Groundwater\Hydrosheaf\M2\m2_benchmark\external\modpath\input\selected_output\base-MP.end
cell_130932->cell_15098,cell_130932,cell_15098,20,1.0,2220.8405,1834.81,2263.255,2611.579,316.1605061969066,USGS Savage MODPATH5 endpoint file,C:\Users\DicksonAbdul-Wahab\Desktop\NeutroProject\Groundwater\Hydrosheaf\M2\m2_benchmark\external\modpath\input\selected_output\base-MP.end
cell_130934->cell_16745,cell_130934,cell_16745,20,1.0,1191.5432500000002,810.9846,1073.6,1656.5439999999999,367.52486135654107,USGS Savage MODPATH5 endpoint file,C:\Users\DicksonAbdul-Wahab\Desktop\NeutroProject\Groundwater\Hydrosheaf\M2\m2_benchmark\external\modpath\input\selected_output\base-MP.end
cell_130935->cell_16745,cell_130935,cell_16745,20,1.0,298.02519,84.44645,294.77049999999997,532.2838,180.69514565699907,USGS Savage MODPATH5 endpoint file,C:\Users\DicksonAbdul-Wahab\Desktop\NeutroProject\Groundwater\Hydrosheaf\M2\m2_benchmark\external\modpath\input\selected_output\base-MP.end
cell_131114->cell_15098,cell_131114,cell_15098,20,1.0,3177.621,2755.254,3042.165,3674.42,367.85924662194265,USGS Savage MODPATH5 endpoint file,C:\Users\DicksonAbdul-Wahab\Desktop\NeutroProject\Groundwater\Hydrosheaf\M2\m2_benchmark\external\modpath\input\selected_output\base-MP.end
cell_131118->cell_16745,cell_131118,cell_16745,20,1.0,292.119245,85.02826999999999,285.875,521.4113,183.6611784709736,USGS Savage MODPATH5 endpoint file,C:\Users\DicksonAbdul-Wahab\Desktop\NeutroProject\Groundwater\Hydrosheaf\M2\m2_benchmark\external\modpath\input\selected_output\base-MP.end
cell_131297->cell_15098,cell_131297,cell_15098,20,1.0,2694.8805,2311.539,2665.15,3155.795,310.66212186698067,USGS Savage MODPATH5 endpoint file,C:\Users\DicksonAbdul-Wahab\Desktop\NeutroProject\Groundwater\Hydrosheaf\M2\m2_benchmark\external\modpath\input\selected_output\base-MP.end
cell_131301->cell_16745,cell_131301,cell_16745,20,1.0,297.72323500000005,84.80012,288.926,511.4398,187.47489237125026,USGS Savage MODPATH5 endpoint file,C:\Users\DicksonAbdul-Wahab\Desktop\NeutroProject\Groundwater\Hydrosheaf\M2\m2_benchmark\external\modpath\input\selected_output\base-MP.end
cell_131480->cell_21316,cell_131480,cell_21316,20,1.0,5418.072000000001,5170.566,5215.195,5944.503000000001,347.93131301269335,USGS Savage MODPATH5 endpoint file,C:\Users\DicksonAbdul-Wahab\Desktop\NeutroProject\Groundwater\Hydrosheaf\M2\m2_benchmark\external\modpath\input\selected_output\base-MP.end
cell_131484->cell_16745,cell_131484,cell_16745,20,1.0,295.644915,84.93466000000001,302.8915,498.277,192.2104924648914,USGS Savage MODPATH5 endpoint file,C:\Users\DicksonAbdul-Wahab\Desktop\NeutroProject\Groundwater\Hydrosheaf\M2\m2_benchmark\external\modpath\input\selected_output\base-MP.end
cell_131662->cell_21316,cell_131662,cell_21316,20,1.0,5430.741500000001,5339.275,5406.605,5554.657999999999,83.3284513410319,USGS Savage MODPATH5 endpoint file,C:\Users\DicksonAbdul-Wahab\Desktop\NeutroProject\Groundwater\Hydrosheaf\M2\m2_benchmark\external\modpath\input\selected_output\base-MP.end
cell_131667->cell_16745,cell_131667,cell_16745,20,1.0,291.57487000000003,86.18612999999999,307.8155,488.5225,184.69473807456654,USGS Savage MODPATH5 endpoint file,C:\Users\DicksonAbdul-Wahab\Desktop\NeutroProject\Groundwater\Hydrosheaf\M2\m2_benchmark\external\modpath\input\selected_output\base-MP.end
cell_131845->cell_21316,cell_131845,cell_21316,20,1.0,5511.7035,5363.889,5489.3150000000005,5679.634999999999,131.63188936436185,USGS Savage MODPATH5 endpoint file,C:\Users\DicksonAbdul-Wahab\Desktop\NeutroProject\Groundwater\Hydrosheaf\M2\m2_benchmark\external\modpath\input\selected_output\base-MP.end
cell_131850->cell_16745,cell_131850,cell_16745,20,1.0,284.84108000000003,88.10031,280.9455,482.5224,160.56993657278437,USGS Savage MODPATH5 endpoint file,C:\Users\DicksonAbdul-Wahab\Desktop\NeutroProject\Groundwater\Hydrosheaf\M2\m2_benchmark\external\modpath\input\selected_output\base-MP.end
cell_131851->cell_16745,cell_131851,cell_16745,20,1.0,793.15199,76.68350000000001,81.07625,3101.6800000000003,1809.6289922237604,USGS Savage MODPATH5 endpoint file,C:\Users\DicksonAbdul-Wahab\Desktop\NeutroProject\Groundwater\Hydrosheaf\M2\m2_benchmark\external\modpath\input\selected_output\base-MP.end
cell_132028->cell_21316,cell_132028,cell_21316,20,1.0,5441.653,5230.442,5433.3099999999995,5667.666,171.1458502379892,USGS Savage MODPATH5 endpoint file,C:\Users\DicksonAbdul-Wahab\Desktop\NeutroProject\Groundwater\Hydrosheaf\M2\m2_benchmark\external\modpath\input\selected_output\base-MP.end
cell_132034->cell_16745,cell_132034,cell_16745,20,1.0,2860.4895100000003,77.37381,82.5981,9043.178000000005,4420.163942675723,USGS Savage MODPATH5 endpoint file,C:\Users\DicksonAbdul-Wahab\Desktop\NeutroProject\Groundwater\Hydrosheaf\M2\m2_benchmark\external\modpath\input\selected_output\base-MP.end
cell_132211->cell_21316,cell_132211,cell_21316,20,1.0,5346.068000000001,5021.8189999999995,5436.305,5624.879,271.99452832344764,USGS Savage MODPATH5 endpoint file,C:\Users\DicksonAbdul-Wahab\Desktop\NeutroProject\Groundwater\Hydrosheaf\M2\m2_benchmark\external\modpath\input\selected_output\base-MP.end
cell_132213->cell_21316,cell_132213,cell_21316,20,1.0,4976.929999999999,4227.362,5189.88,5716.137000000001,534.9821872391248,USGS Savage MODPATH5 endpoint file,C:\Users\DicksonAbdul-Wahab\Desktop\NeutroProject\Groundwater\Hydrosheaf\M2\m2_benchmark\external\modpath\input\selected_output\base-MP.end
cell_132214->cell_21316,cell_132214,cell_21316,20,1.0,1396.699,1235.6960000000001,1380.6399999999999,1602.212,156.63330555623756,USGS Savage MODPATH5 endpoint file,C:\Users\DicksonAbdul-Wahab\Desktop\NeutroProject\Groundwater\Hydrosheaf\M2\m2_benchmark\external\modpath\input\selected_output\base-MP.end
cell_132216->cell_16745,cell_132216,cell_16745,20,1.0,223.01108000000005,90.33245,234.65250000000003,319.2397,100.62070726766356,USGS Savage MODPATH5 endpoint file,C:\Users\DicksonAbdul-Wahab\Desktop\NeutroProject\Groundwater\Hydrosheaf\M2\m2_benchmark\external\modpath\input\selected_output\base-MP.end
cell_132217->cell_16745,cell_132217,cell_16745,20,1.0,5391.60855,78.37666,3410.075,13270.34,5746.802078425687,USGS Savage MODPATH5 endpoint file,C:\Users\DicksonAbdul-Wahab\Desktop\NeutroProject\Groundwater\Hydrosheaf\M2\m2_benchmark\external\modpath\input\selected_output\base-MP.end
cell_132394->cell_21316,cell_132394,cell_21316,20,1.0,5061.51,4283.503000000001,5369.155,5577.857,645.3520492519444,USGS Savage MODPATH5 endpoint file,C:\Users\DicksonAbdul-Wahab\Desktop\NeutroProject\Groundwater\Hydrosheaf\M2\m2_benchmark\external\modpath\input\selected_output\base-MP.end
cell_132395->cell_21316,cell_132395,cell_21316,20,1.0,5333.9795,5208.464,5353.514999999999,5454.7519999999995,104.50964823125678,USGS Savage MODPATH5 endpoint file,C:\Users\DicksonAbdul-Wahab\Desktop\NeutroProject\Groundwater\Hydrosheaf\M2\m2_benchmark\external\modpath\input\selected_output\base-MP.end
cell_132396->cell_21316,cell_132396,cell_21316,20,1.0,4753.1134999999995,3763.552,5105.04,5263.222000000001,723.0800763420983,USGS Savage MODPATH5 endpoint file,C:\Users\DicksonAbdul-Wahab\Desktop\NeutroProject\Groundwater\Hydrosheaf\M2\m2_benchmark\external\modpath\input\selected_output\base-MP.end
cell_167715->cell_15098,cell_167715,cell_15098,20,1.0,1647.018,1350.387,1718.02,1848.869,217.23864410027582,USGS Savage MODPATH5 endpoint file,C:\Users\DicksonAbdul-Wahab\Desktop\NeutroProject\Groundwater\Hydrosheaf\M2\m2_benchmark\external\modpath\input\selected_output\base-MP.end
cell_167716->cell_15098,cell_167716,cell_15098,20,1.0,753.9907499999999,374.8666,554.39,1319.843,405.4892846186113,USGS Savage MODPATH5 endpoint file,C:\Users\DicksonAbdul-Wahab\Desktop\NeutroProject\Groundwater\Hydrosheaf\M2\m2_benchmark\external\modpath\input\selected_output\base-MP.end
cell_167897->cell_15098,cell_167897,cell_15098,20,1.0,2335.548,2117.4719999999998,2329.445,2560.3160000000003,159.7904533279033,USGS Savage MODPATH5 endpoint file,C:\Users\DicksonAbdul-Wahab\Desktop\NeutroProject\Groundwater\Hydrosheaf\M2\m2_benchmark\external\modpath\input\selected_output\base-MP.end
cell_167898->cell_15098,cell_167898,cell_15098,20,1.0,1614.7165000000002,1273.427,1679.02,1797.1190000000001,215.07914847366746,USGS Savage MODPATH5 endpoint file,C:\Users\DicksonAbdul-Wahab\Desktop\NeutroProject\Groundwater\Hydrosheaf\M2\m2_benchmark\external\modpath\input\selected_output\base-MP.end
cell_167901->cell_16745,cell_167901,cell_16745,20,1.0,135.101425,82.4443,91.03935,259.5905000000001,76.60172984466902,USGS Savage MODPATH5 endpoint file,C:\Users\DicksonAbdul-Wahab\Desktop\NeutroProject\Groundwater\Hydrosheaf\M2\m2_benchmark\external\modpath\input\selected_output\base-MP.end
cell_168080->cell_15098,cell_168080,cell_15098,20,1.0,2379.3484999999996,2171.44,2356.7650000000003,2570.96,168.1882647910402,USGS Savage MODPATH5 endpoint file,C:\Users\DicksonAbdul-Wahab\Desktop\NeutroProject\Groundwater\Hydrosheaf\M2\m2_benchmark\external\modpath\input\selected_output\base-MP.end
cell_168084->cell_16745,cell_168084,cell_16745,20,1.0,133.66398499999997,83.29611,89.56825,257.76390000000004,76.73027080177663,USGS Savage MODPATH5 endpoint file,C:\Users\DicksonAbdul-Wahab\Desktop\NeutroProject\Groundwater\Hydrosheaf\M2\m2_benchmark\external\modpath\input\selected_output\base-MP.end
cell_168263->cell_15098,cell_168263,cell_15098,20,1.0,2497.559,2263.974,2476.8450000000003,2742.529,188.83062808826998,USGS Savage MODPATH5 endpoint file,C:\Users\DicksonAbdul-Wahab\Desktop\NeutroProject\Groundwater\Hydrosheaf\M2\m2_benchmark\external\modpath\input\selected_output\base-MP.end
cell_168267->cell_16745,cell_168267,cell_16745,20,1.0,137.68588000000003,84.14116,90.53139999999999,263.5554000000001,81.8041604037324,USGS Savage MODPATH5 endpoint file,C:\Users\DicksonAbdul-Wahab\Desktop\NeutroProject\Groundwater\Hydrosheaf\M2\m2_benchmark\external\modpath\input\selected_output\base-MP.end
cell_168445->cell_15098,cell_168445,cell_15098,20,1.0,2444.9685,2231.717,2453.355,2675.2700000000004,181.71716071310266,USGS Savage MODPATH5 endpoint file,C:\Users\DicksonAbdul-Wahab\Desktop\NeutroProject\Groundwater\Hydrosheaf\M2\m2_benchmark\external\modpath\input\selected_output\base-MP.end
cell_168450->cell_16745,cell_168450,cell_16745,20,1.0,147.13263999999998,84.87512,90.68494999999999,271.2494000000001,98.00480977995767,USGS Savage MODPATH5 endpoint file,C:\Users\DicksonAbdul-Wahab\Desktop\NeutroProject\Groundwater\Hydrosheaf\M2\m2_benchmark\external\modpath\input\selected_output\base-MP.end
cell_168633->cell_16745,cell_168633,cell_16745,20,1.0,157.06602,85.5163,92.72095,311.9076000000002,116.85680071657924,USGS Savage MODPATH5 endpoint file,C:\Users\DicksonAbdul-Wahab\Desktop\NeutroProject\Groundwater\Hydrosheaf\M2\m2_benchmark\external\modpath\input\selected_output\base-MP.end
cell_168816->cell_16745,cell_168816,cell_16745,20,1.0,173.841615,86.68008,94.81049999999999,396.6255000000001,130.16023339736327,USGS Savage MODPATH5 endpoint file,C:\Users\DicksonAbdul-Wahab\Desktop\NeutroProject\Groundwater\Hydrosheaf\M2\m2_benchmark\external\modpath\input\selected_output\base-MP.end
cell_168817->cell_16745,cell_168817,cell_16745,20,1.0,96.12377,89.18227,95.4739,103.1282,6.342478549896305,USGS Savage MODPATH5 endpoint file,C:\Users\DicksonAbdul-Wahab\Desktop\NeutroProject\Groundwater\Hydrosheaf\M2\m2_benchmark\external\modpath\input\selected_output\base-MP.end
cell_169000->cell_16745,cell_169000,cell_16745,20,1.0,95.86476,86.8935,97.6661,105.6848,7.6279089770740125,USGS Savage MODPATH5 endpoint file,C:\Users\DicksonAbdul-Wahab\Desktop\NeutroProject\Groundwater\Hydrosheaf\M2\m2_benchmark\external\modpath\input\selected_output\base-MP.end
cell_169177->cell_21316,cell_169177,cell_21316,20,1.0,5403.2775,5319.356,5389.7,5492.735000000001,64.79878888366267,USGS Savage MODPATH5 endpoint file,C:\Users\DicksonAbdul-Wahab\Desktop\NeutroProject\Groundwater\Hydrosheaf\M2\m2_benchmark\external\modpath\input\selected_output\base-MP.end
cell_169179->cell_21316,cell_169179,cell_21316,20,1.0,5430.3555,5147.152,5448.025,5690.193,261.76369816818425,USGS Savage MODPATH5 endpoint file,C:\Users\DicksonAbdul-Wahab\Desktop\NeutroProject\Groundwater\Hydrosheaf\M2\m2_benchmark\external\modpath\input\selected_output\base-MP.end
cell_169181->cell_16745,cell_169181,cell_16745,20,1.0,868.4356000000001,384.6103,804.366,1443.2720000000002,431.9994959278735,USGS Savage MODPATH5 endpoint file,C:\Users\DicksonAbdul-Wahab\Desktop\NeutroProject\Groundwater\Hydrosheaf\M2\m2_benchmark\external\modpath\input\selected_output\base-MP.end
cell_169182->cell_16745,cell_169182,cell_16745,20,1.0,199.510455,89.68075999999999,98.6997,427.82970000000006,144.2048189189561,USGS Savage MODPATH5 endpoint file,C:\Users\DicksonAbdul-Wahab\Desktop\NeutroProject\Groundwater\Hydrosheaf\M2\m2_benchmark\external\modpath\input\selected_output\base-MP.end
cell_169183->cell_16745,cell_169183,cell_16745,20,1.0,94.23385499999999,85.22982,92.44,105.99430000000001,8.572116627179877,USGS Savage MODPATH5 endpoint file,C:\Users\DicksonAbdul-Wahab\Desktop\NeutroProject\Groundwater\Hydrosheaf\M2\m2_benchmark\external\modpath\input\selected_output\base-MP.end
cell_169360->cell_21316,cell_169360,cell_21316,20,1.0,5435.3345,5360.503000000001,5422.99,5531.592000000001,68.9072879405058,USGS Savage MODPATH5 endpoint file,C:\Users\DicksonAbdul-Wahab\Desktop\NeutroProject\Groundwater\Hydrosheaf\M2\m2_benchmark\external\modpath\input\selected_output\base-MP.end
cell_169361->cell_21316,cell_169361,cell_21316,20,1.0,5600.4169999999995,5299.008,5588.58,5914.76,305.3310497614369,USGS Savage MODPATH5 endpoint file,C:\Users\DicksonAbdul-Wahab\Desktop\NeutroProject\Groundwater\Hydrosheaf\M2\m2_benchmark\external\modpath\input\selected_output\base-MP.end
cell_169362->cell_21316,cell_169362,cell_21316,20,1.0,5432.904,5163.158,5441.65,5688.139,252.88104108661972,USGS Savage MODPATH5 endpoint file,C:\Users\DicksonAbdul-Wahab\Desktop\NeutroProject\Groundwater\Hydrosheaf\M2\m2_benchmark\external\modpath\input\selected_output\base-MP.end
cell_204681->cell_15098,cell_204681,cell_15098,20,1.0,861.1927499999999,435.3789,849.6105,1219.5540000000005,366.6842524083938,USGS Savage MODPATH5 endpoint file,C:\Users\DicksonAbdul-Wahab\Desktop\NeutroProject\Groundwater\Hydrosheaf\M2\m2_benchmark\external\modpath\input\selected_output\base-MP.end
cell_204682->cell_15098,cell_204682,cell_15098,20,1.0,367.5847,157.76760000000002,356.748,617.7451000000001,178.40091973125558,USGS Savage MODPATH5 endpoint file,C:\Users\DicksonAbdul-Wahab\Desktop\NeutroProject\Groundwater\Hydrosheaf\M2\m2_benchmark\external\modpath\input\selected_output\base-MP.end
cell_204683->cell_15098,cell_204683,cell_15098,20,1.0,88.099665,60.30947,61.5025,149.87120000000002,42.30650472319799,USGS Savage MODPATH5 endpoint file,C:\Users\DicksonAbdul-Wahab\Desktop\NeutroProject\Groundwater\Hydrosheaf\M2\m2_benchmark\external\modpath\input\selected_output\base-MP.end
cell_204863->cell_15098,cell_204863,cell_15098,20,1.0,1185.0768500000001,769.8408,1076.205,1835.02,380.6929819962365,USGS Savage MODPATH5 endpoint file,C:\Users\DicksonAbdul-Wahab\Desktop\NeutroProject\Groundwater\Hydrosheaf\M2\m2_benchmark\external\modpath\input\selected_output\base-MP.end
cell_204864->cell_15098,cell_204864,cell_15098,20,1.0,822.2834500000001,405.0076,825.0139999999999,1158.5160000000005,344.9439804640252,USGS Savage MODPATH5 endpoint file,C:\Users\DicksonAbdul-Wahab\Desktop\NeutroProject\Groundwater\Hydrosheaf\M2\m2_benchmark\external\modpath\input\selected_output\base-MP.end
cell_204866->cell_15098,cell_204866,cell_15098,20,1.0,86.37051999999998,60.90175,62.12155,156.0914,39.843822886927434,USGS Savage MODPATH5 endpoint file,C:\Users\DicksonAbdul-Wahab\Desktop\NeutroProject\Groundwater\Hydrosheaf\M2\m2_benchmark\external\modpath\input\selected_output\base-MP.end
cell_205046->cell_15098,cell_205046,cell_15098,20,1.0,1214.70465,784.9636,1074.845,1884.0980000000002,406.7720982637866,USGS Savage MODPATH5 endpoint file,C:\Users\DicksonAbdul-Wahab\Desktop\NeutroProject\Groundwater\Hydrosheaf\M2\m2_benchmark\external\modpath\input\selected_output\base-MP.end
cell_205050->cell_15098,cell_205050,cell_15098,20,1.0,63.00702000000001,62.005,62.498149999999995,64.45079,1.632827092273753,USGS Savage MODPATH5 endpoint file,C:\Users\DicksonAbdul-Wahab\Desktop\NeutroProject\Groundwater\Hydrosheaf\M2\m2_benchmark\external\modpath\input\selected_output\base-MP.end
cell_205229->cell_15098,cell_205229,cell_15098,20,1.0,1277.9411,819.4698,1079.585,1994.6090000000002,455.64472021427764,USGS Savage MODPATH5 endpoint file,C:\Users\DicksonAbdul-Wahab\Desktop\NeutroProject\Groundwater\Hydrosheaf\M2\m2_benchmark\external\modpath\input\selected_output\base-MP.end
cell_205233->cell_15098,cell_205233,cell_15098,20,1.0,65.36197000000001,62.76686,63.29685,72.83091,4.477952823744821,USGS Savage MODPATH5 endpoint file,C:\Users\DicksonAbdul-Wahab\Desktop\NeutroProject\Groundwater\Hydrosheaf\M2\m2_benchmark\external\modpath\input\selected_output\base-MP.end
cell_205411->cell_15098,cell_205411,cell_15098,20,1.0,1389.2219999999998,1043.7999,1381.5700000000002,1740.7500000000002,296.40703502571733,USGS Savage MODPATH5 endpoint file,C:\Users\DicksonAbdul-Wahab\Desktop\NeutroProject\Groundwater\Hydrosheaf\M2\m2_benchmark\external\modpath\input\selected_output\base-MP.end
cell_205412->cell_15098,cell_205412,cell_15098,20,1.0,1381.1074999999998,875.5466,1089.505,2190.8700000000003,531.9421150314739,USGS Savage MODPATH5 endpoint file,C:\Users\DicksonAbdul-Wahab\Desktop\NeutroProject\Groundwater\Hydrosheaf\M2\m2_benchmark\external\modpath\input\selected_output\base-MP.end
cell_205416->cell_15098,cell_205416,cell_15098,20,1.0,66.66362000000001,63.5282,64.13515000000001,76.97985,5.4379153442434065,USGS Savage MODPATH5 endpoint file,C:\Users\DicksonAbdul-Wahab\Desktop\NeutroProject\Groundwater\Hydrosheaf\M2\m2_benchmark\external\modpath\input\selected_output\base-MP.end
cell_205594->cell_15098,cell_205594,cell_15098,20,1.0,1452.914,1085.541,1399.15,2025.026,346.0545803984349,USGS Savage MODPATH5 endpoint file,C:\Users\DicksonAbdul-Wahab\Desktop\NeutroProject\Groundwater\Hydrosheaf\M2\m2_benchmark\external\modpath\input\selected_output\base-MP.end
cell_205599->cell_15098,cell_205599,cell_15098,20,1.0,67.12264500000002,64.25778000000001,64.96875,76.91924,4.865631576408359,USGS Savage MODPATH5 endpoint file,C:\Users\DicksonAbdul-Wahab\Desktop\NeutroProject\Groundwater\Hydrosheaf\M2\m2_benchmark\external\modpath\input\selected_output\base-MP.end
cell_205777->cell_15098,cell_205777,cell_15098,20,1.0,1532.608,1130.0639999999999,1409.745,2238.227,439.31983275106194,USGS Savage MODPATH5 endpoint file,C:\Users\DicksonAbdul-Wahab\Desktop\NeutroProject\Groundwater\Hydrosheaf\M2\m2_benchmark\external\modpath\input\selected_output\base-MP.end
cell_205960->cell_15098,cell_205960,cell_15098,20,1.0,1620.6455,1157.658,1414.7350000000001,2349.9790000000007,543.7942534052553,USGS Savage MODPATH5 endpoint file,C:\Users\DicksonAbdul-Wahab\Desktop\NeutroProject\Groundwater\Hydrosheaf\M2\m2_benchmark\external\modpath\input\selected_output\base-MP.end
cell_241647->cell_15098,cell_241647,cell_15098,20,1.0,264.14565,216.82229999999998,264.194,311.0663,37.68901747930374,USGS Savage MODPATH5 endpoint file,C:\Users\DicksonAbdul-Wahab\Desktop\NeutroProject\Groundwater\Hydrosheaf\M2\m2_benchmark\external\modpath\input\selected_output\base-MP.end
cell_241648->cell_15098,cell_241648,cell_15098,20,1.0,137.463045,102.3276,128.8345,183.7032,34.02843725255432,USGS Savage MODPATH5 endpoint file,C:\Users\DicksonAbdul-Wahab\Desktop\NeutroProject\Groundwater\Hydrosheaf\M2\m2_benchmark\external\modpath\input\selected_output\base-MP.end
cell_241649->cell_15098,cell_241649,cell_15098,20,1.0,92.560585,87.19839999999999,92.65950000000001,97.23709000000001,4.0347791257978045,USGS Savage MODPATH5 endpoint file,C:\Users\DicksonAbdul-Wahab\Desktop\NeutroProject\Groundwater\Hydrosheaf\M2\m2_benchmark\external\modpath\input\selected_output\base-MP.end
cell_241829->cell_15098,cell_241829,cell_15098,20,1.0,428.94545,344.5903,391.785,560.8022000000001,90.7472351856489,USGS Savage MODPATH5 endpoint file,C:\Users\DicksonAbdul-Wahab\Desktop\NeutroProject\Groundwater\Hydrosheaf\M2\m2_benchmark\external\modpath\input\selected_output\base-MP.end
cell_241830->cell_15098,cell_241830,cell_15098,20,1.0,261.25905,216.5221,260.8365,306.3701,36.092569477992065,USGS Savage MODPATH5 endpoint file,C:\Users\DicksonAbdul-Wahab\Desktop\NeutroProject\Groundwater\Hydrosheaf\M2\m2_benchmark\external\modpath\input\selected_output\base-MP.end
cell_241832->cell_15098,cell_241832,cell_15098,20,1.0,95.483285,90.55273000000001,95.51485,100.04859,3.877612124175473,USGS Savage MODPATH5 endpoint file,C:\Users\DicksonAbdul-Wahab\Desktop\NeutroProject\Groundwater\Hydrosheaf\M2\m2_benchmark\external\modpath\input\selected_output\base-MP.end
cell_241833->cell_15098,cell_241833,cell_15098,20,1.0,89.49716000000001,85.0265,89.58805000000001,93.88269,3.648215729482304,USGS Savage MODPATH5 endpoint file,C:\Users\DicksonAbdul-Wahab\Desktop\NeutroProject\Groundwater\Hydrosheaf\M2\m2_benchmark\external\modpath\input\selected_output\base-MP.end
cell_242012->cell_15098,cell_242012,cell_15098,20,1.0,432.4172500000001,344.137,395.004,576.2746,94.04861501701353,USGS Savage MODPATH5 endpoint file,C:\Users\DicksonAbdul-Wahab\Desktop\NeutroProject\Groundwater\Hydrosheaf\M2\m2_benchmark\external\modpath\input\selected_output\base-MP.end
cell_242016->cell_15098,cell_242016,cell_15098,20,1.0,92.334825,88.13262,92.38185,96.45115,3.496405661137855,USGS Savage MODPATH5 endpoint file,C:\Users\DicksonAbdul-Wahab\Desktop\NeutroProject\Groundwater\Hydrosheaf\M2\m2_benchmark\external\modpath\input\selected_output\base-MP.end
cell_242195->cell_15098,cell_242195,cell_15098,20,1.0,448.81080000000003,346.4335,407.971,603.3032,101.22809239357474,USGS Savage MODPATH5 endpoint file,C:\Users\DicksonAbdul-Wahab\Desktop\NeutroProject\Groundwater\Hydrosheaf\M2\m2_benchmark\external\modpath\input\selected_output\base-MP.end
cell_242199->cell_15098,cell_242199,cell_15098,20,1.0,95.131365,90.95316,95.0301,99.13767,3.481909729516259,USGS Savage MODPATH5 endpoint file,C:\Users\DicksonAbdul-Wahab\Desktop\NeutroProject\Groundwater\Hydrosheaf\M2\m2_benchmark\external\modpath\input\selected_output\base-MP.end
cell_242377->cell_15098,cell_242377,cell_15098,20,1.0,701.31005,581.2788,694.565,820.5236000000001,99.30158201022886,USGS Savage MODPATH5 endpoint file,C:\Users\DicksonAbdul-Wahab\Desktop\NeutroProject\Groundwater\Hydrosheaf\M2\m2_benchmark\external\modpath\input\selected_output\base-MP.end
cell_242378->cell_15098,cell_242378,cell_15098,20,1.0,479.39485,353.0508,459.53999999999996,622.1717000000001,114.55372244555919,USGS Savage MODPATH5 endpoint file,C:\Users\DicksonAbdul-Wahab\Desktop\NeutroProject\Groundwater\Hydrosheaf\M2\m2_benchmark\external\modpath\input\selected_output\base-MP.end
cell_242382->cell_15098,cell_242382,cell_15098,20,1.0,97.657095,93.47973999999999,97.53625,101.6113,3.4949724832099522,USGS Savage MODPATH5 endpoint file,C:\Users\DicksonAbdul-Wahab\Desktop\NeutroProject\Groundwater\Hydrosheaf\M2\m2_benchmark\external\modpath\input\selected_output\base-MP.end
cell_242560->cell_15098,cell_242560,cell_15098,20,1.0,725.85995,607.6994,726.1345,844.389,103.93924810118395,USGS Savage MODPATH5 endpoint file,C:\Users\DicksonAbdul-Wahab\Desktop\NeutroProject\Groundwater\Hydrosheaf\M2\m2_benchmark\external\modpath\input\selected_output\base-MP.end
cell_242565->cell_15098,cell_242565,cell_15098,20,1.0,99.87992500000001,95.61331,99.82034999999999,103.8971,3.562905258630052,USGS Savage MODPATH5 endpoint file,C:\Users\DicksonAbdul-Wahab\Desktop\NeutroProject\Groundwater\Hydrosheaf\M2\m2_benchmark\external\modpath\input\selected_output\base-MP.end
cell_242743->cell_15098,cell_242743,cell_15098,20,1.0,750.7427500000001,635.3724000000001,759.004,876.2996,107.86487174475829,USGS Savage MODPATH5 endpoint file,C:\Users\DicksonAbdul-Wahab\Desktop\NeutroProject\Groundwater\Hydrosheaf\M2\m2_benchmark\external\modpath\input\selected_output\base-MP.end
cell_242748->cell_15098,cell_242748,cell_15098,20,1.0,101.835575,97.44317000000001,101.87299999999999,106.0081,3.6286094964549664,USGS Savage MODPATH5 endpoint file,C:\Users\DicksonAbdul-Wahab\Desktop\NeutroProject\Groundwater\Hydrosheaf\M2\m2_benchmark\external\modpath\input\selected_output\base-MP.end
cell_242749->cell_15098,cell_242749,cell_15098,20,1.0,98.510595,95.07315,98.1258,103.13589999999999,3.080624509563126,USGS Savage MODPATH5 endpoint file,C:\Users\DicksonAbdul-Wahab\Desktop\NeutroProject\Groundwater\Hydrosheaf\M2\m2_benchmark\external\modpath\input\selected_output\base-MP.end
cell_242926->cell_15098,cell_242926,cell_15098,20,1.0,771.90495,653.5297,775.131,899.1444000000001,109.91555820263738,USGS Savage MODPATH5 endpoint file,C:\Users\DicksonAbdul-Wahab\Desktop\NeutroProject\Groundwater\Hydrosheaf\M2\m2_benchmark\external\modpath\input\selected_output\base-MP.end
cell_242932->cell_15098,cell_242932,cell_15098,20,1.0,100.85332,97.34295,100.4485,105.5385,3.1145927990332014,USGS Savage MODPATH5 endpoint file,C:\Users\DicksonAbdul-Wahab\Desktop\NeutroProject\Groundwater\Hydrosheaf\M2\m2_benchmark\external\modpath\input\selected_output\base-MP.end
cell_243109->cell_15098,cell_243109,cell_15098,20,1.0,782.6858,649.6521,781.6935,912.8686000000001,113.93023394239313,USGS Savage MODPATH5 endpoint file,C:\Users\DicksonAbdul-Wahab\Desktop\NeutroProject\Groundwater\Hydrosheaf\M2\m2_benchmark\external\modpath\input\selected_output\base-MP.end
cell_243111->cell_15098,cell_243111,cell_15098,20,1.0,262.93514999999996,204.7694,261.7575,317.5918000000001,56.04410453268972,USGS Savage MODPATH5 endpoint file,C:\Users\DicksonAbdul-Wahab\Desktop\NeutroProject\Groundwater\Hydrosheaf\M2\m2_benchmark\external\modpath\input\selected_output\base-MP.end
cell_243112->cell_15098,cell_243112,cell_15098,20,1.0,120.29021500000002,85.9572,123.924,147.6471,25.303970973789756,USGS Savage MODPATH5 endpoint file,C:\Users\DicksonAbdul-Wahab\Desktop\NeutroProject\Groundwater\Hydrosheaf\M2\m2_benchmark\external\modpath\input\selected_output\base-MP.end
cell_243113->cell_15098,cell_243113,cell_15098,20,1.0,100.79795499999999,76.61461,107.93199999999999,112.9354,14.722793817195766,USGS Savage MODPATH5 endpoint file,C:\Users\DicksonAbdul-Wahab\Desktop\NeutroProject\Groundwater\Hydrosheaf\M2\m2_benchmark\external\modpath\input\selected_output\base-MP.end
cell_243114->cell_15098,cell_243114,cell_15098,20,1.0,104.37666999999999,96.00155,105.566,109.6911,5.473828873745747,USGS Savage MODPATH5 endpoint file,C:\Users\DicksonAbdul-Wahab\Desktop\NeutroProject\Groundwater\Hydrosheaf\M2\m2_benchmark\external\modpath\input\selected_output\base-MP.end
cell_243115->cell_15098,cell_243115,cell_15098,20,1.0,103.09087500000001,99.48971,102.6645,107.8616,3.203522534381406,USGS Savage MODPATH5 endpoint file,C:\Users\DicksonAbdul-Wahab\Desktop\NeutroProject\Groundwater\Hydrosheaf\M2\m2_benchmark\external\modpath\input\selected_output\base-MP.end
cell_243292->cell_15098,cell_243292,cell_15098,20,1.0,787.9493500000001,648.7891,784.8455,918.0248000000001,116.05998005898549,USGS Savage MODPATH5 endpoint file,C:\Users\DicksonAbdul-Wahab\Desktop\NeutroProject\Groundwater\Hydrosheaf\M2\m2_benchmark\external\modpath\input\selected_output\base-MP.end
cell_243293->cell_15098,cell_243293,cell_15098,20,1.0,665.91025,422.5893,665.2565,862.6695000000001,180.08809564469888,USGS Savage MODPATH5 endpoint file,C:\Users\DicksonAbdul-Wahab\Desktop\NeutroProject\Groundwater\Hydrosheaf\M2\m2_benchmark\external\modpath\input\selected_output\base-MP.end
cell_243294->cell_15098,cell_243294,cell_15098,20,1.0,251.69244999999995,193.663,249.93099999999998,300.3405000000001,53.695101245217984,USGS Savage MODPATH5 endpoint file,C:\Users\DicksonAbdul-Wahab\Desktop\NeutroProject\Groundwater\Hydrosheaf\M2\m2_benchmark\external\modpath\input\selected_output\base-MP.end
cell_278613->cell_15098,cell_278613,cell_15098,20,1.0,168.40359999999998,138.3595,162.91649999999998,207.2676,28.65869330109654,USGS Savage MODPATH5 endpoint file,C:\Users\DicksonAbdul-Wahab\Desktop\NeutroProject\Groundwater\Hydrosheaf\M2\m2_benchmark\external\modpath\input\selected_output\base-MP.end
cell_278614->cell_15098,cell_278614,cell_15098,20,1.0,141.37775,112.4508,132.664,189.5702,28.733282194539708,USGS Savage MODPATH5 endpoint file,C:\Users\DicksonAbdul-Wahab\Desktop\NeutroProject\Groundwater\Hydrosheaf\M2\m2_benchmark\external\modpath\input\selected_output\base-MP.end
cell_278615->cell_15098,cell_278615,cell_15098,20,1.0,132.0664,105.0903,122.99950000000001,179.6414,27.776664000370417,USGS Savage MODPATH5 endpoint file,C:\Users\DicksonAbdul-Wahab\Desktop\NeutroProject\Groundwater\Hydrosheaf\M2\m2_benchmark\external\modpath\input\selected_output\base-MP.end
cell_278795->cell_15098,cell_278795,cell_15098,20,1.0,229.03000000000003,164.2417,212.3385,309.4445000000001,67.08705234559835,USGS Savage MODPATH5 endpoint file,C:\Users\DicksonAbdul-Wahab\Desktop\NeutroProject\Groundwater\Hydrosheaf\M2\m2_benchmark\external\modpath\input\selected_output\base-MP.end
cell_278796->cell_15098,cell_278796,cell_15098,20,1.0,170.23945000000003,141.98080000000002,164.2735,210.03779999999998,27.687449988977047,USGS Savage MODPATH5 endpoint file,C:\Users\DicksonAbdul-Wahab\Desktop\NeutroProject\Groundwater\Hydrosheaf\M2\m2_benchmark\external\modpath\input\selected_output\base-MP.end
cell_278798->cell_15098,cell_278798,cell_15098,20,1.0,134.47944999999999,107.6356,125.366,181.9771,27.771817156161443,USGS Savage MODPATH5 endpoint file,C:\Users\DicksonAbdul-Wahab\Desktop\NeutroProject\Groundwater\Hydrosheaf\M2\m2_benchmark\external\modpath\input\selected_output\base-MP.end
cell_278799->cell_15098,cell_278799,cell_15098,20,1.0,126.84628000000002,100.93619,117.6825,174.3949,27.274099384746926,USGS Savage MODPATH5 endpoint file,C:\Users\DicksonAbdul-Wahab\Desktop\NeutroProject\Groundwater\Hydrosheaf\M2\m2_benchmark\external\modpath\input\selected_output\base-MP.end
cell_278978->cell_15098,cell_278978,cell_15098,20,1.0,229.48830000000004,166.4375,214.16199999999998,309.3113000000001,65.85124330768875,USGS Savage MODPATH5 endpoint file,C:\Users\DicksonAbdul-Wahab\Desktop\NeutroProject\Groundwater\Hydrosheaf\M2\m2_benchmark\external\modpath\input\selected_output\base-MP.end
cell_278982->cell_15098,cell_278982,cell_15098,20,1.0,129.2324,103.3631,120.009,176.8755,27.317247664009678,USGS Savage MODPATH5 endpoint file,C:\Users\DicksonAbdul-Wahab\Desktop\NeutroProject\Groundwater\Hydrosheaf\M2\m2_benchmark\external\modpath\input\selected_output\base-MP.end
cell_279161->cell_15098,cell_279161,cell_15098,20,1.0,231.79424999999998,168.5061,215.88150000000002,313.6473000000001,66.07230037488439,USGS Savage MODPATH5 endpoint file,C:\Users\DicksonAbdul-Wahab\Desktop\NeutroProject\Groundwater\Hydrosheaf\M2\m2_benchmark\external\modpath\input\selected_output\base-MP.end
cell_279165->cell_15098,cell_279165,cell_15098,20,1.0,131.49294999999998,105.7019,122.231,179.2071,27.332108787776367,USGS Savage MODPATH5 endpoint file,C:\Users\DicksonAbdul-Wahab\Desktop\NeutroProject\Groundwater\Hydrosheaf\M2\m2_benchmark\external\modpath\input\selected_output\base-MP.end
cell_279343->cell_15098,cell_279343,cell_15098,20,1.0,336.57529999999997,214.892,341.95950000000005,458.9565000000002,124.32579049675132,USGS Savage MODPATH5 endpoint file,C:\Users\DicksonAbdul-Wahab\Desktop\NeutroProject\Groundwater\Hydrosheaf\M2\m2_benchmark\external\modpath\input\selected_output\base-MP.end
cell_279344->cell_15098,cell_279344,cell_15098,20,1.0,235.9962,170.3698,218.5885,319.7580000000001,67.79076219523222,USGS Savage MODPATH5 endpoint file,C:\Users\DicksonAbdul-Wahab\Desktop\NeutroProject\Groundwater\Hydrosheaf\M2\m2_benchmark\external\modpath\input\selected_output\base-MP.end
cell_279348->cell_15098,cell_279348,cell_15098,20,1.0,133.58370000000002,107.90820000000001,124.315,181.28570000000002,27.327358637742314,USGS Savage MODPATH5 endpoint file,C:\Users\DicksonAbdul-Wahab\Desktop\NeutroProject\Groundwater\Hydrosheaf\M2\m2_benchmark\external\modpath\input\selected_output\base-MP.end
cell_279526->cell_15098,cell_279526,cell_15098,20,1.0,342.4727,219.83360000000002,348.9675,466.9484000000002,125.80802521431737,USGS Savage MODPATH5 endpoint file,C:\Users\DicksonAbdul-Wahab\Desktop\NeutroProject\Groundwater\Hydrosheaf\M2\m2_benchmark\external\modpath\input\selected_output\base-MP.end
cell_279531->cell_15098,cell_279531,cell_15098,20,1.0,135.523,109.9336,126.2705,183.198,27.307883403881746,USGS Savage MODPATH5 endpoint file,C:\Users\DicksonAbdul-Wahab\Desktop\NeutroProject\Groundwater\Hydrosheaf\M2\m2_benchmark\external\modpath\input\selected_output\base-MP.end
cell_279709->cell_15098,cell_279709,cell_15098,20,1.0,349.41605,220.69580000000002,355.171,474.6930000000002,128.62500210729885,USGS Savage MODPATH5 endpoint file,C:\Users\DicksonAbdul-Wahab\Desktop\NeutroProject\Groundwater\Hydrosheaf\M2\m2_benchmark\external\modpath\input\selected_output\base-MP.end
cell_279714->cell_15098,cell_279714,cell_15098,20,1.0,137.3565,111.8258,128.14350000000002,185.0577,27.25047730050362,USGS Savage MODPATH5 endpoint file,C:\Users\DicksonAbdul-Wahab\Desktop\NeutroProject\Groundwater\Hydrosheaf\M2\m2_benchmark\external\modpath\input\selected_output\base-MP.end
cell_279715->cell_15098,cell_279715,cell_15098,20,1.0,142.87745,107.61229999999999,124.1905,213.55860000000004,45.91292627580924,USGS Savage MODPATH5 endpoint file,C:\Users\DicksonAbdul-Wahab\Desktop\NeutroProject\Groundwater\Hydrosheaf\M2\m2_benchmark\external\modpath\input\selected_output\base-MP.end
cell_279892->cell_15098,cell_279892,cell_15098,20,1.0,353.63955000000004,221.4994,359.5235,479.42740000000015,129.60478302109354,USGS Savage MODPATH5 endpoint file,C:\Users\DicksonAbdul-Wahab\Desktop\NeutroProject\Groundwater\Hydrosheaf\M2\m2_benchmark\external\modpath\input\selected_output\base-MP.end
cell_279898->cell_15098,cell_279898,cell_15098,20,1.0,145.79134999999997,109.6645,126.269,218.66930000000005,47.40062347610719,USGS Savage MODPATH5 endpoint file,C:\Users\DicksonAbdul-Wahab\Desktop\NeutroProject\Groundwater\Hydrosheaf\M2\m2_benchmark\external\modpath\input\selected_output\base-MP.end
cell_280075->cell_15098,cell_280075,cell_15098,20,1.0,355.59505,222.3857,361.506,481.2663000000002,130.4154677214224,USGS Savage MODPATH5 endpoint file,C:\Users\DicksonAbdul-Wahab\Desktop\NeutroProject\Groundwater\Hydrosheaf\M2\m2_benchmark\external\modpath\input\selected_output\base-MP.end
cell_280077->cell_15098,cell_280077,cell_15098,20,1.0,185.29030000000003,149.6801,176.013,225.95780000000005,34.47772526093363,USGS Savage MODPATH5 endpoint file,C:\Users\DicksonAbdul-Wahab\Desktop\NeutroProject\Groundwater\Hydrosheaf\M2\m2_benchmark\external\modpath\input\selected_output\base-MP.end
cell_280078->cell_15098,cell_280078,cell_15098,20,1.0,152.48755,126.0626,144.436,197.47050000000002,27.520995500038836,USGS Savage MODPATH5 endpoint file,C:\Users\DicksonAbdul-Wahab\Desktop\NeutroProject\Groundwater\Hydrosheaf\M2\m2_benchmark\external\modpath\input\selected_output\base-MP.end
cell_280079->cell_15098,cell_280079,cell_15098,20,1.0,145.25079999999997,119.1188,136.56900000000002,191.7878,27.07422971368666,USGS Savage MODPATH5 endpoint file,C:\Users\DicksonAbdul-Wahab\Desktop\NeutroProject\Groundwater\Hydrosheaf\M2\m2_benchmark\external\modpath\input\selected_output\base-MP.end
cell_280080->cell_15098,cell_280080,cell_15098,20,1.0,140.91074999999998,115.2827,131.71949999999998,189.5822,27.1787327904026,USGS Savage MODPATH5 endpoint file,C:\Users\DicksonAbdul-Wahab\Desktop\NeutroProject\Groundwater\Hydrosheaf\M2\m2_benchmark\external\modpath\input\selected_output\base-MP.end
cell_280081->cell_15098,cell_280081,cell_15098,20,1.0,148.61860000000001,112.22070000000001,128.3995,223.44320000000008,48.75787703961819,USGS Savage MODPATH5 endpoint file,C:\Users\DicksonAbdul-Wahab\Desktop\NeutroProject\Groundwater\Hydrosheaf\M2\m2_benchmark\external\modpath\input\selected_output\base-MP.end
cell_280258->cell_15098,cell_280258,cell_15098,20,1.0,357.34035,223.4254,361.656,483.3772000000002,133.7466607989562,USGS Savage MODPATH5 endpoint file,C:\Users\DicksonAbdul-Wahab\Desktop\NeutroProject\Groundwater\Hydrosheaf\M2\m2_benchmark\external\modpath\input\selected_output\base-MP.end
cell_280259->cell_15098,cell_280259,cell_15098,20,1.0,256.77345,179.0345,236.676,350.78890000000007,75.68666490380275,USGS Savage MODPATH5 endpoint file,C:\Users\DicksonAbdul-Wahab\Desktop\NeutroProject\Groundwater\Hydrosheaf\M2\m2_benchmark\external\modpath\input\selected_output\base-MP.end
cell_280260->cell_15098,cell_280260,cell_15098,20,1.0,185.33095,150.66690000000003,176.099,225.86190000000005,34.32330673321892,USGS Savage MODPATH5 endpoint file,C:\Users\DicksonAbdul-Wahab\Desktop\NeutroProject\Groundwater\Hydrosheaf\M2\m2_benchmark\external\modpath\input\selected_output\base-MP.end
cell_167717->cell_16745,cell_167717,cell_16745,19,0.95,301.1841736842105,91.40964,324.459,446.4719999999999,154.43879424660918,USGS Savage MODPATH5 endpoint file,C:\Users\DicksonAbdul-Wahab\Desktop\NeutroProject\Groundwater\Hydrosheaf\M2\m2_benchmark\external\modpath\input\selected_output\base-MP.end
cell_168994->cell_21316,cell_168994,cell_21316,19,0.95,5372.121052631578,5307.258,5347.96,5462.674,67.34579727007112,USGS Savage MODPATH5 endpoint file,C:\Users\DicksonAbdul-Wahab\Desktop\NeutroProject\Groundwater\Hydrosheaf\M2\m2_benchmark\external\modpath\input\selected_output\base-MP.end
cell_167900->cell_16745,cell_167900,cell_16745,18,0.9,330.9584166666666,100.09228,317.21299999999997,517.5700000000002,180.98172701581277,USGS Savage MODPATH5 endpoint file,C:\Users\DicksonAbdul-Wahab\Desktop\NeutroProject\Groundwater\Hydrosheaf\M2\m2_benchmark\external\modpath\input\selected_output\base-MP.end
cell_169180->cell_21316,cell_169180,cell_21316,18,0.9,1761.791111111111,1659.164,1750.97,1876.951,86.518224594175,USGS Savage MODPATH5 endpoint file,C:\Users\DicksonAbdul-Wahab\Desktop\NeutroProject\Groundwater\Hydrosheaf\M2\m2_benchmark\external\modpath\input\selected_output\base-MP.end
cell_204867->cell_15098,cell_204867,cell_15098,18,0.9,61.748627777777784,61.42693,61.7826,62.06386,0.3158149640785686,USGS Savage MODPATH5 endpoint file,C:\Users\DicksonAbdul-Wahab\Desktop\NeutroProject\Groundwater\Hydrosheaf\M2\m2_benchmark\external\modpath\input\selected_output\base-MP.end
cell_205782->cell_15098,cell_205782,cell_15098,18,0.9,66.60268333333333,65.08291,65.885,68.31689,2.579532409805173,USGS Savage MODPATH5 endpoint file,C:\Users\DicksonAbdul-Wahab\Desktop\NeutroProject\Groundwater\Hydrosheaf\M2\m2_benchmark\external\modpath\input\selected_output\base-MP.end
cell_206143->cell_15098,cell_206143,cell_15098,18,0.9,1538.6794444444445,1138.3770000000002,1409.5349999999999,2111.1650000000004,426.29670226087455,USGS Savage MODPATH5 endpoint file,C:\Users\DicksonAbdul-Wahab\Desktop\NeutroProject\Groundwater\Hydrosheaf\M2\m2_benchmark\external\modpath\input\selected_output\base-MP.end
cell_206326->cell_15098,cell_206326,cell_15098,18,0.9,1594.256111111111,1140.867,1467.3049999999998,2257.7830000000004,486.3348080723921,USGS Savage MODPATH5 endpoint file,C:\Users\DicksonAbdul-Wahab\Desktop\NeutroProject\Groundwater\Hydrosheaf\M2\m2_benchmark\external\modpath\input\selected_output\base-MP.end
cell_130749->cell_15098,cell_130749,cell_15098,17,0.85,2402.0735294117653,1894.73,2467.89,2766.1,349.15511593955586,USGS Savage MODPATH5 endpoint file,C:\Users\DicksonAbdul-Wahab\Desktop\NeutroProject\Groundwater\Hydrosheaf\M2\m2_benchmark\external\modpath\input\selected_output\base-MP.end
cell_168628->cell_15098,cell_168628,cell_15098,17,0.85,2556.2688235294117,2372.372,2520.1,2811.468,178.1151642155418,USGS Savage MODPATH5 endpoint file,C:\Users\DicksonAbdul-Wahab\Desktop\NeutroProject\Groundwater\Hydrosheaf\M2\m2_benchmark\external\modpath\input\selected_output\base-MP.end
cell_206146->cell_15098,cell_206146,cell_15098,17,0.85,332.8655352941176,92.17576,242.965,556.4942,237.57615447925576,USGS Savage MODPATH5 endpoint file,C:\Users\DicksonAbdul-Wahab\Desktop\NeutroProject\Groundwater\Hydrosheaf\M2\m2_benchmark\external\modpath\input\selected_output\base-MP.end
cell_206145->cell_15098,cell_206145,cell_15098,16,0.8,991.9569374999999,491.1515,809.1814999999999,1644.72,537.6765028540822,USGS Savage MODPATH5 endpoint file,C:\Users\DicksonAbdul-Wahab\Desktop\NeutroProject\Groundwater\Hydrosheaf\M2\m2_benchmark\external\modpath\input\selected_output\base-MP.end
cell_206327->cell_15098,cell_206327,cell_15098,16,0.8,1685.2914999999998,1002.153,1629.115,2564.73,644.6816108397488,USGS Savage MODPATH5 endpoint file,C:\Users\DicksonAbdul-Wahab\Desktop\NeutroProject\Groundwater\Hydrosheaf\M2\m2_benchmark\external\modpath\input\selected_output\base-MP.end
cell_206328->cell_15098,cell_206328,cell_15098,16,0.8,973.5116875000001,469.039,797.7964999999999,1678.52,490.437977703429,USGS Savage MODPATH5 endpoint file,C:\Users\DicksonAbdul-Wahab\Desktop\NeutroProject\Groundwater\Hydrosheaf\M2\m2_benchmark\external\modpath\input\selected_output\base-MP.end
cell_131479->cell_15098,cell_131479,cell_15098,15,0.75,3287.596666666667,2867.7219999999998,3168.46,4167.406,537.1474281619082,USGS Savage MODPATH5 endpoint file,C:\Users\DicksonAbdul-Wahab\Desktop\NeutroProject\Groundwater\Hydrosheaf\M2\m2_benchmark\external\modpath\input\selected_output\base-MP.end
cell_168446->cell_15098,cell_168446,cell_15098,14,0.7,2579.4799999999996,2353.207,2626.165,2732.137,192.767838444232,USGS Savage MODPATH5 endpoint file,C:\Users\DicksonAbdul-Wahab\Desktop\NeutroProject\Groundwater\Hydrosheaf\M2\m2_benchmark\external\modpath\input\selected_output\base-MP.end
cell_168811->cell_21316,cell_168811,cell_21316,14,0.7,5309.567142857143,5176.299,5312.83,5469.443,106.84395166125884,USGS Savage MODPATH5 endpoint file,C:\Users\DicksonAbdul-Wahab\Desktop\NeutroProject\Groundwater\Hydrosheaf\M2\m2_benchmark\external\modpath\input\selected_output\base-MP.end
cell_132215->cell_16745,cell_132215,cell_16745,13,0.65,984.4531538461537,765.802,798.132,1578.122,365.55855270914907,USGS Savage MODPATH5 endpoint file,C:\Users\DicksonAbdul-Wahab\Desktop\NeutroProject\Groundwater\Hydrosheaf\M2\m2_benchmark\external\modpath\input\selected_output\base-MP.end
cell_206147->cell_15098,cell_206147,cell_15098,13,0.65,65.65072307692309,65.03702,65.7231,66.27028,0.5880647812299917,USGS Savage MODPATH5 endpoint file,C:\Users\DicksonAbdul-Wahab\Desktop\NeutroProject\Groundwater\Hydrosheaf\M2\m2_benchmark\external\modpath\input\selected_output\base-MP.end
cell_206148->cell_15098,cell_206148,cell_15098,13,0.65,67.17584615384615,66.37622,67.0318,68.03356,0.7341058990538347,USGS Savage MODPATH5 endpoint file,C:\Users\DicksonAbdul-Wahab\Desktop\NeutroProject\Groundwater\Hydrosheaf\M2\m2_benchmark\external\modpath\input\selected_output\base-MP.end
cell_205783->cell_15098,cell_205783,cell_15098,12,0.6,73.86104999999999,67.51808,69.84675,84.00791000000001,7.591739761741047,USGS Savage MODPATH5 endpoint file,C:\Users\DicksonAbdul-Wahab\Desktop\NeutroProject\Groundwater\Hydrosheaf\M2\m2_benchmark\external\modpath\input\selected_output\base-MP.end
cell_206149->cell_16745,cell_206149,cell_16745,12,0.6,91.56075,88.81676,90.65559999999999,95.67089,2.7376076727683256,USGS Savage MODPATH5 endpoint file,C:\Users\DicksonAbdul-Wahab\Desktop\NeutroProject\Groundwater\Hydrosheaf\M2\m2_benchmark\external\modpath\input\selected_output\base-MP.end
cell_205966->cell_15098,cell_205966,cell_15098,11,0.55,74.56139999999999,68.2987,70.5609,84.8651,7.294594661802668,USGS Savage MODPATH5 endpoint file,C:\Users\DicksonAbdul-Wahab\Desktop\NeutroProject\Groundwater\Hydrosheaf\M2\m2_benchmark\external\modpath\input\selected_output\base-MP.end
cell_130750->cell_15098,cell_130750,cell_15098,10,0.5,872.2922000000001,332.7431,994.024,1408.417,481.0764577405319,USGS Savage MODPATH5 endpoint file,C:\Users\DicksonAbdul-Wahab\Desktop\NeutroProject\Groundwater\Hydrosheaf\M2\m2_benchmark\external\modpath\input\selected_output\base-MP.end
cell_130750->cell_16745,cell_130750,cell_16745,10,0.5,2216.9909999999995,1723.496,2208.115,2773.9429999999998,399.62758784342645,USGS Savage MODPATH5 endpoint file,C:\Users\DicksonAbdul-Wahab\Desktop\NeutroProject\Groundwater\Hydrosheaf\M2\m2_benchmark\external\modpath\input\selected_output\base-MP.end
cell_205966->cell_16745,cell_205966,cell_16745,9,0.45,89.35025555555556,87.7201,89.1317,91.15336,1.533955262638965,USGS Savage MODPATH5 endpoint file,C:\Users\DicksonAbdul-Wahab\Desktop\NeutroProject\Groundwater\Hydrosheaf\M2\m2_benchmark\external\modpath\input\selected_output\base-MP.end
cell_205783->cell_16745,cell_205783,cell_16745,8,0.4,88.0135875,86.53579,88.01615,89.47264,1.2623902231622783,USGS Savage MODPATH5 endpoint file,C:\Users\DicksonAbdul-Wahab\Desktop\NeutroProject\Groundwater\Hydrosheaf\M2\m2_benchmark\external\modpath\input\selected_output\base-MP.end
cell_206149->cell_15098,cell_206149,cell_15098,8,0.4,76.40729999999999,69.31891,75.6952,84.76621,6.749665025550737,USGS Savage MODPATH5 endpoint file,C:\Users\DicksonAbdul-Wahab\Desktop\NeutroProject\Groundwater\Hydrosheaf\M2\m2_benchmark\external\modpath\input\selected_output\base-MP.end
cell_132215->cell_21316,cell_132215,cell_21316,7,0.35,1697.4914285714283,1616.154,1692.49,1801.6019999999999,84.97417733809321,USGS Savage MODPATH5 endpoint file,C:\Users\DicksonAbdul-Wahab\Desktop\NeutroProject\Groundwater\Hydrosheaf\M2\m2_benchmark\external\modpath\input\selected_output\base-MP.end
cell_206147->cell_16745,cell_206147,cell_16745,7,0.35,223.1727857142857,92.39862000000001,210.85,382.8742000000001,146.42394058785183,USGS Savage MODPATH5 endpoint file,C:\Users\DicksonAbdul-Wahab\Desktop\NeutroProject\Groundwater\Hydrosheaf\M2\m2_benchmark\external\modpath\input\selected_output\base-MP.end
cell_206148->cell_16745,cell_206148,cell_16745,7,0.35,88.3013142857143,87.08426,87.8077,89.84278,1.635488847845981,USGS Savage MODPATH5 endpoint file,C:\Users\DicksonAbdul-Wahab\Desktop\NeutroProject\Groundwater\Hydrosheaf\M2\m2_benchmark\external\modpath\input\selected_output\base-MP.end
cell_168446->cell_21316,cell_168446,cell_21316,6,0.3,5918.093333333333,5847.245,5943.295,5963.74,56.817912199117984,USGS Savage MODPATH5 endpoint file,C:\Users\DicksonAbdul-Wahab\Desktop\NeutroProject\Groundwater\Hydrosheaf\M2\m2_benchmark\external\modpath\input\selected_output\base-MP.end
cell_168811->cell_15098,cell_168811,cell_15098,6,0.3,2493.105,2382.685,2432.435,2664.1949999999997,188.09664289933508,USGS Savage MODPATH5 endpoint file,C:\Users\DicksonAbdul-Wahab\Desktop\NeutroProject\Groundwater\Hydrosheaf\M2\m2_benchmark\external\modpath\input\selected_output\base-MP.end
cell_131479->cell_21316,cell_131479,cell_21316,5,0.25,5217.372,5189.968,5217.46,5244.668,27.034883391647984,USGS Savage MODPATH5 endpoint file,C:\Users\DicksonAbdul-Wahab\Desktop\NeutroProject\Groundwater\Hydrosheaf\M2\m2_benchmark\external\modpath\input\selected_output\base-MP.end
cell_206145->cell_21316,cell_206145,cell_21316,4,0.2,5242.05,4853.407,5246.3,5627.293000000001,439.97560197507914,USGS Savage MODPATH5 endpoint file,C:\Users\DicksonAbdul-Wahab\Desktop\NeutroProject\Groundwater\Hydrosheaf\M2\m2_benchmark\external\modpath\input\selected_output\base-MP.end
cell_206327->cell_21316,cell_206327,cell_21316,4,0.2,5661.3675,5455.724,5658.83,5869.041,237.34096842236622,USGS Savage MODPATH5 endpoint file,C:\Users\DicksonAbdul-Wahab\Desktop\NeutroProject\Groundwater\Hydrosheaf\M2\m2_benchmark\external\modpath\input\selected_output\base-MP.end
cell_206328->cell_21316,cell_206328,cell_21316,4,0.2,5216.554999999999,4801.269,5230.94,5620.3330000000005,463.37107811486624,USGS Savage MODPATH5 endpoint file,C:\Users\DicksonAbdul-Wahab\Desktop\NeutroProject\Groundwater\Hydrosheaf\M2\m2_benchmark\external\modpath\input\selected_output\base-MP.end
cell_130749->cell_16745,cell_130749,cell_16745,3,0.15,2799.2966666666666,2409.844,2536.42,3293.9,597.5977180623545,USGS Savage MODPATH5 endpoint file,C:\Users\DicksonAbdul-Wahab\Desktop\NeutroProject\Groundwater\Hydrosheaf\M2\m2_benchmark\external\modpath\input\selected_output\base-MP.end
cell_168628->cell_21316,cell_168628,cell_21316,3,0.15,5265.756666666667,5204.302,5306.51,5310.91,75.40014942513942,USGS Savage MODPATH5 endpoint file,C:\Users\DicksonAbdul-Wahab\Desktop\NeutroProject\Groundwater\Hydrosheaf\M2\m2_benchmark\external\modpath\input\selected_output\base-MP.end
cell_206146->cell_16745,cell_206146,cell_16745,3,0.15,1853.6899999999998,1761.222,1814.27,1961.926,130.00248420703346,USGS Savage MODPATH5 endpoint file,C:\Users\DicksonAbdul-Wahab\Desktop\NeutroProject\Groundwater\Hydrosheaf\M2\m2_benchmark\external\modpath\input\selected_output\base-MP.end
cell_167900->cell_15098,cell_167900,cell_15098,2,0.1,61.126400000000004,61.0664,61.126400000000004,61.1864,0.10606601717798113,USGS Savage MODPATH5 endpoint file,C:\Users\DicksonAbdul-Wahab\Desktop\NeutroProject\Groundwater\Hydrosheaf\M2\m2_benchmark\external\modpath\input\selected_output\base-MP.end
cell_169180->cell_16745,cell_169180,cell_16745,2,0.1,2460.4,2419.8160000000003,2460.4,2500.984,71.74305401918714,USGS Savage MODPATH5 endpoint file,C:\Users\DicksonAbdul-Wahab\Desktop\NeutroProject\Groundwater\Hydrosheaf\M2\m2_benchmark\external\modpath\input\selected_output\base-MP.end
cell_204867->cell_16745,cell_204867,cell_16745,2,0.1,82.0029,81.78778,82.0029,82.21802,0.38028202692212826,USGS Savage MODPATH5 endpoint file,C:\Users\DicksonAbdul-Wahab\Desktop\NeutroProject\Groundwater\Hydrosheaf\M2\m2_benchmark\external\modpath\input\selected_output\base-MP.end
cell_205782->cell_16745,cell_205782,cell_16745,2,0.1,86.28450000000001,85.92442,86.28450000000001,86.64458,0.6365375244241287,USGS Savage MODPATH5 endpoint file,C:\Users\DicksonAbdul-Wahab\Desktop\NeutroProject\Groundwater\Hydrosheaf\M2\m2_benchmark\external\modpath\input\selected_output\base-MP.end
cell_206143->cell_21316,cell_206143,cell_21316,2,0.1,5174.175,5173.243,5174.175,5175.107,1.6475588001646044,USGS Savage MODPATH5 endpoint file,C:\Users\DicksonAbdul-Wahab\Desktop\NeutroProject\Groundwater\Hydrosheaf\M2\m2_benchmark\external\modpath\input\selected_output\base-MP.end
cell_206326->cell_21316,cell_206326,cell_21316,2,0.1,5303.9349999999995,5303.363,5303.9349999999995,5304.507,1.0111626970963257,USGS Savage MODPATH5 endpoint file,C:\Users\DicksonAbdul-Wahab\Desktop\NeutroProject\Groundwater\Hydrosheaf\M2\m2_benchmark\external\modpath\input\selected_output\base-MP.end
cell_167717->cell_15098,cell_167717,cell_15098,1,0.05,60.9691,60.9691,60.9691,60.9691,0.0,USGS Savage MODPATH5 endpoint file,C:\Users\DicksonAbdul-Wahab\Desktop\NeutroProject\Groundwater\Hydrosheaf\M2\m2_benchmark\external\modpath\input\selected_output\base-MP.end
cell_168994->cell_15098,cell_168994,cell_15098,1,0.05,2515.34,2515.34,2515.34,2515.34,0.0,USGS Savage MODPATH5 endpoint file,C:\Users\DicksonAbdul-Wahab\Desktop\NeutroProject\Groundwater\Hydrosheaf\M2\m2_benchmark\external\modpath\input\selected_output\base-MP.end
