edge_id,u,v,distance_km,hydraulic_probability,hydraulic_logit,age_cost,negative_age_cost,chemistry_objective_unconstrained,chemistry_objective_constrained,negative_chemistry_log_objective,phreeqc_objective_change,phreeqc_ok,thermodynamic_constraints_active_count,thermodynamic_bound_hit_count,constraints_binding,reaction_extents,dominant_reaction,dominant_reaction_family,dominant_reaction_unconstrained,dominant_reaction_family_unconstrained,fusion_probability,seed,split,is_true_edge,true_process,true_process_family,probability_hydraulic_chemistry,probability_hydraulic_chemistry_age,probability_age_permuted_control,constrained_family_correct,unconstrained_family_correct
MF4101_P0_M0->MF4101_P0_M1,MF4101_P0_M0,MF4101_P0_M1,0.6712071172653612,0.999999,13.815509557935018,6.929532900186929e-06,-6.929508891084736e-06,0.1586573720205752,0.158657372018724,-0.14726189685480892,-1.851185871259986e-12,True,9,7,"{'calcite': 'lower', 'dolomite': 'lower', 'gypsum': 'lower', 'NO3src': 'lower', 'denit': 'lower', 'CaNa_exch': 'lower', 'NaMg_exch': 'lower'}","{'calcite': 0.0, 'dolomite': 0.0, 'gypsum': 0.0, 'albite': -0.12273615714507499, 'anorthite': 0.23442284458060744, 'k_feldspar': -0.011737538575959064, 'NO3src': 0.0, 'denit': 0.0, 'CaNa_exch': 0.0, 'NaCa_exch': 0.05617695231640218, 'MgNa_exch': 0.012965133036347344, 'NaMg_exch': 0.0}",anorthite,silicate_exchange,anorthite,silicate_exchange,0.6903279194255653,4101,locked_test,1,carbonate_weathering,carbonate,0.6903279194255653,0.6903279194255653,0.6903279194255653,False,False
MF4101_P0_M1->MF4101_P0_M2,MF4101_P0_M1,MF4101_P0_M2,0.7462262090133014,0.999999,13.815509557935018,0.005068972875295448,-0.005056168882789263,0.15982013326756198,0.15983370216387532,-0.1482766346376613,1.3568896313348455e-05,True,9,6,"{'calcite': 'lower', 'dolomite': 'lower', 'gypsum': 'lower', 'NO3src': 'lower', 'NaCa_exch': 'lower', 'NaMg_exch': 'lower'}","{'calcite': 0.0, 'dolomite': 0.0, 'gypsum': 0.0, 'albite': 0.2079914383385652, 'anorthite': -0.38705612541400003, 'k_feldspar': 0.00621314687561907, 'NO3src': 0.0, 'denit': 0.009248104418207385, 'CaNa_exch': 0.10215981022916713, 'NaCa_exch': 0.0, 'MgNa_exch': 0.00669875430552551, 'NaMg_exch': 0.0}",anorthite,silicate_exchange,anorthite,silicate_exchange,0.6698071368021201,4101,locked_test,1,carbonate_precipitation,carbonate,0.6698071368021199,0.6698071368021199,0.6698071368021199,False,False
MF4101_P0_M2->MF4101_P0_M3,MF4101_P0_M2,MF4101_P0_M3,0.7482405745395487,0.999999,13.815509557935018,8.615345322912694e-05,-8.614974223351715e-05,0.15519405029229782,0.15540704483977835,-0.1444527016631942,0.00021299454748052726,True,8,6,"{'dolomite': 'lower', 'gypsum': 'lower', 'NO3src': 'lower', 'denit': 'lower', 'NaCa_exch': 'lower', 'MgNa_exch': 'lower'}","{'calcite': 0.0, 'dolomite': 0.0, 'gypsum': 0.0, 'albite': 0.15713891642917924, 'anorthite': -0.054072124203124766, 'k_feldspar': 0.02629420143418583, 'NO3src': 0.0, 'denit': 0.0, 'CaNa_exch': 0.06051882492140634, 'NaCa_exch': 0.0, 'MgNa_exch': 0.0, 'NaMg_exch': 0.03594627917832076}",albite,silicate_exchange,albite,silicate_exchange,0.7432296394209233,4101,locked_test,1,silicate_weathering,silicate_exchange,0.7432296394209233,0.7432296394209233,0.7432296394209233,True,True
MF4101_P1_M0->MF4101_P1_M1,MF4101_P1_M0,MF4101_P1_M1,0.67159361687922,0.999999,13.815509557935018,2.6858696998532565e-07,-2.685869339158519e-07,0.1545692184835731,0.15469162563496802,-0.1438333175331345,0.00012240715139491543,True,9,6,"{'calcite': 'lower', 'dolomite': 'lower', 'gypsum': 'lower', 'NO3src': 'lower', 'NaCa_exch': 'lower', 'MgNa_exch': 'lower'}","{'calcite': 0.0, 'dolomite': 0.0, 'gypsum': 0.0, 'albite': 0.037042253412741324, 'anorthite': -0.07190492670418393, 'k_feldspar': 0.002271264350591155, 'NO3src': 0.0, 'denit': 0.24017138888949252, 'CaNa_exch': 0.03461428572363094, 'NaCa_exch': 0.0, 'MgNa_exch': 0.0, 'NaMg_exch': 0.0034700753026966824}",denit,denitrification,denit,denitrification,0.7540641838825873,4101,locked_test,1,denitrification,denitrification,0.7540641838825873,0.7540641838825873,0.7540641838825873,True,True
MF4101_P1_M1->MF4101_P1_M2,MF4101_P1_M1,MF4101_P1_M2,0.7478342427044893,0.999999,13.815509557935018,0.010589767966305032,-0.010534089112665502,0.1567209339833347,0.15927456107946344,-0.14779443110787507,0.0025536270961287466,True,10,7,"{'calcite': 'lower', 'dolomite': 'lower', 'gypsum': 'lower', 'NO3src': 'lower', 'iron_reduction': 'lower', 'NaCa_exch': 'lower', 'MgNa_exch': 'lower'}","{'calcite': 0.0, 'dolomite': 0.0, 'gypsum': 0.0, 'albite': 0.03924376032633483, 'anorthite': -0.08727979643693477, 'k_feldspar': -0.0010870125528215013, 'NO3src': 0.0, 'sulfate_reduction': 0.19635509094604747, 'iron_reduction': 0.0, 'CaNa_exch': 0.045698767566024874, 'NaCa_exch': 0.0, 'MgNa_exch': 0.0, 'NaMg_exch': 0.006173370107360581}",sulfate_reduction,sulfate_reduction,sulfate_reduction,sulfate_reduction,0.6796455189394313,4101,locked_test,1,sulfate_reduction,sulfate_reduction,0.6796455189394311,0.6796455189394311,0.6796455189394311,True,True
MF4101_P1_M2->MF4101_P1_M3,MF4101_P1_M2,MF4101_P1_M3,0.7458048002493498,0.999999,13.815509557935018,0.0003349392914892484,-0.0003348832118465911,0.1517167289924514,0.15171672899245137,-0.14125363706474361,-2.7755575615628914e-17,True,10,7,"{'calcite': 'lower', 'dolomite': 'lower', 'gypsum': 'lower', 'NO3src': 'lower', 'CaNa_exch': 'lower', 'NaCa_exch': 'lower', 'MgNa_exch': 'lower'}","{'calcite': 0.0, 'dolomite': 0.0, 'gypsum': 0.0, 'albite': -0.017955446549357622, 'anorthite': 0.051960029723803224, 'k_feldspar': -0.005824977561176024, 'NO3src': 0.0, 'sulfate_reduction': 0.0060428730442525095, 'iron_reduction': 0.03948799190299673, 'CaNa_exch': 0.0, 'NaCa_exch': 0.0, 'MgNa_exch': 0.0, 'NaMg_exch': 0.006360326064176033}",anorthite,silicate_exchange,anorthite,silicate_exchange,0.7957985547037267,4101,locked_test,1,iron_reduction,iron_reduction,0.7957985547037267,0.7957985547037267,0.7957985547037267,False,False
MF4101_P2_M0->MF4101_P2_M1,MF4101_P2_M0,MF4101_P2_M1,0.6715371549788048,0.999999,13.815509557935018,3.8569755344743005e-07,-3.856974790661478e-07,0.15432551483245618,0.15432989076225379,-0.14351999444532024,4.37592979760093e-06,True,9,7,"{'calcite': 'lower', 'dolomite': 'lower', 'gypsum': 'lower', 'NO3src': 'lower', 'denit': 'lower', 'NaCa_exch': 'lower', 'MgNa_exch': 'lower'}","{'calcite': 0.0, 'dolomite': 0.0, 'gypsum': 0.0, 'albite': 0.12838848268554284, 'anorthite': -0.10628712326044822, 'k_feldspar': 0.03295314479129715, 'NO3src': 0.0, 'denit': 0.0, 'CaNa_exch': 0.08155235227913749, 'NaCa_exch': 0.0, 'MgNa_exch': 0.0, 'NaMg_exch': 0.045842825572587315}",albite,silicate_exchange,albite,silicate_exchange,0.7594262393871485,4101,locked_test,1,silicate_weathering,silicate_exchange,0.7594262393871485,0.7594262393871485,0.7594262393871485,True,True
MF4101_P2_M1->MF4101_P2_M2,MF4101_P2_M1,MF4101_P2_M2,0.7459785307275889,0.999999,13.815509557935018,0.013806213140134194,-0.013711775603256786,0.160233877664022,0.1612581314893979,-0.1495040134804027,0.0010242538253759093,True,9,6,"{'calcite': 'lower', 'dolomite': 'lower', 'gypsum': 'lower', 'NO3src': 'lower', 'CaNa_exch': 'lower', 'MgNa_exch': 'lower'}","{'calcite': 0.0, 'dolomite': 0.0, 'gypsum': 0.0, 'albite': -0.12317081491474205, 'anorthite': 0.24321611888238884, 'k_feldspar': -0.029931332243072675, 'NO3src': 0.0, 'denit': 0.008909490162346507, 'CaNa_exch': 0.0, 'NaCa_exch': 0.047307446852190634, 'MgNa_exch': 0.0, 'NaMg_exch': 0.0006532865692519364}",anorthite,silicate_exchange,anorthite,silicate_exchange,0.6440999117282825,4101,locked_test,1,carbonate_weathering,carbonate,0.6440999117282824,0.6440999117282824,0.6440999117282824,False,False
MF4101_P2_M2->MF4101_P2_M3,MF4101_P2_M2,MF4101_P2_M3,0.7467154038343732,0.999999,13.815509557935018,6.156584024581312e-06,-6.156565072895671e-06,0.15607995648409975,0.15920557536901558,-0.1477349216823823,0.0031256188849158317,True,9,6,"{'calcite': 'lower', 'dolomite': 'lower', 'gypsum': 'lower', 'NO3src': 'lower', 'NaCa_exch': 'lower', 'MgNa_exch': 'lower'}","{'calcite': 0.0, 'dolomite': 0.0, 'gypsum': 0.0, 'albite': 0.052573493386506805, 'anorthite': -0.05456337951114518, 'k_feldspar': -0.00885804328648311, 'NO3src': 0.0, 'denit': 0.24332117677440912, 'CaNa_exch': 0.08240057801190435, 'NaCa_exch': 0.0, 'MgNa_exch': 0.0, 'NaMg_exch': 0.04205089989766647}",denit,denitrification,NO3src,other,0.6808489135382617,4101,locked_test,1,denitrification,denitrification,0.6808489135382616,0.6808489135382616,0.6808489135382616,True,False
MF4102_P0_M0->MF4102_P0_M1,MF4102_P0_M0,MF4102_P0_M1,0.671479670489402,0.999999,13.815509557935018,8.38230615633669e-08,-8.382305805021426e-08,0.15550238857768153,0.15574525413919355,-0.14474537757380285,0.00024286556151201233,True,9,6,"{'calcite': 'lower', 'dolomite': 'lower', 'gypsum': 'lower', 'NO3src': 'lower', 'CaNa_exch': 'lower', 'MgNa_exch': 'lower'}","{'calcite': 0.0, 'dolomite': 0.0, 'gypsum': 0.0, 'albite': -0.07492067458298139, 'anorthite': 0.16779337084523321, 'k_feldspar': -0.016364453341060195, 'NO3src': 0.0, 'denit': 0.006036876741061897, 'CaNa_exch': 0.0, 'NaCa_exch': 0.009425889381853254, 'MgNa_exch': 0.0, 'NaMg_exch': 0.005293187218956157}",anorthite,silicate_exchange,anorthite,silicate_exchange,0.7380026294256222,4102,locked_test,1,carbonate_weathering,carbonate,0.7380026294256222,0.7380026294256222,0.7380026294256222,False,False
MF4102_P0_M1->MF4102_P0_M2,MF4102_P0_M1,MF4102_P0_M2,0.7461128995970786,0.999999,13.815509557935018,0.0035033072999076965,-0.003497185013555897,0.16190623282142913,0.16791889328610576,-0.15522344131521573,0.0060126604646766335,True,9,6,"{'calcite': 'lower', 'dolomite': 'lower', 'NO3src': 'lower', 'denit': 'lower', 'NaCa_exch': 'lower', 'MgNa_exch': 'lower'}","{'calcite': 0.0, 'dolomite': 0.0, 'gypsum': 0.0070339563918633205, 'albite': 0.2138871730658578, 'anorthite': -0.38994336369769655, 'k_feldspar': -0.021872048159756793, 'NO3src': 0.0, 'denit': 0.0, 'CaNa_exch': 0.1420539518541001, 'NaCa_exch': 0.0, 'MgNa_exch': 0.0, 'NaMg_exch': 0.03477444468368956}",anorthite,silicate_exchange,anorthite,silicate_exchange,0.5153626989537929,4102,locked_test,1,carbonate_precipitation,carbonate,0.5153626989537929,0.5153626989537929,0.5153626989537929,False,False
MF4102_P0_M2->MF4102_P0_M3,MF4102_P0_M2,MF4102_P0_M3,0.7457875997502617,0.999999,13.815509557935018,1.4388716488179211e-05,-1.4388612971591103e-05,0.15450040042553875,0.15476489661935158,-0.14389677054357403,0.00026449619381282985,True,8,5,"{'dolomite': 'lower', 'gypsum': 'lower', 'denit': 'lower', 'NaCa_exch': 'lower', 'MgNa_exch': 'lower'}","{'calcite': 0.0, 'dolomite': 0.0, 'gypsum': 0.0, 'albite': 0.08601042609527947, 'anorthite': 0.03705814568215387, 'k_feldspar': 0.025135336464355548, 'NO3src': 0.003302644135699109, 'denit': 0.0, 'CaNa_exch': 0.002838837284230424, 'NaCa_exch': 0.0, 'MgNa_exch': 0.0, 'NaMg_exch': 0.029797165433233703}",albite,silicate_exchange,albite,silicate_exchange,0.7529685283373168,4102,locked_test,1,silicate_weathering,silicate_exchange,0.7529685283373168,0.7529685283373168,0.7529685283373168,True,True
MF4102_P1_M1->MF4102_P1_M2,MF4102_P1_M1,MF4102_P1_M2,0.7514570679367258,0.999999,13.815509557935018,0.021196688578053027,-0.020975163702743688,0.15728152416993774,0.16217772874297146,-0.1502955974593986,0.004896204573033719,True,10,7,"{'calcite': 'lower', 'dolomite': 'lower', 'gypsum': 'lower', 'NO3src': 'lower', 'iron_reduction': 'lower', 'NaCa_exch': 'lower', 'MgNa_exch': 'lower'}","{'calcite': 0.0, 'dolomite': 0.0, 'gypsum': 0.0, 'albite': 0.05717314272694626, 'anorthite': -0.1457368403069541, 'k_feldspar': 0.0, 'NO3src': 0.0, 'sulfate_reduction': 0.24789827997031752, 'iron_reduction': 0.0, 'CaNa_exch': 0.07175329627862287, 'NaCa_exch': 0.0, 'MgNa_exch': 0.0, 'NaMg_exch': 0.01883000218304917}",sulfate_reduction,sulfate_reduction,sulfate_reduction,sulfate_reduction,0.627056675671641,4102,locked_test,1,sulfate_reduction,sulfate_reduction,0.627056675671641,0.627056675671641,0.627056675671641,True,True
MF4102_P1_M2->MF4102_P1_M3,MF4102_P1_M2,MF4102_P1_M3,0.757396486766863,0.999999,13.815509557935018,2.5063983397340073e-06,-2.5063951987229367e-06,0.15232033657764638,0.1523203365776465,-0.14177759356529135,1.1102230246251565e-16,True,9,5,"{'calcite': 'lower', 'dolomite': 'lower', 'NO3src': 'lower', 'NaCa_exch': 'lower', 'NaMg_exch': 'lower'}","{'calcite': 0.0, 'dolomite': 0.0, 'albite': -0.01204494684834659, 'anorthite': -0.0072737314187915885, 'k_feldspar': 0.006113107560373479, 'NO3src': 0.0, 'sulfate_reduction': 0.019585859477343225, 'iron_reduction': 0.05431249119902037, 'CaNa_exch': 0.0062200272437719735, 'NaCa_exch': 0.0, 'MgNa_exch': 0.001866535215102929, 'NaMg_exch': 0.0}",iron_reduction,iron_reduction,iron_reduction,iron_reduction,0.7877685665461042,4102,locked_test,1,iron_reduction,iron_reduction,0.7877685665461042,0.7877685665461042,0.7877685665461042,True,True
MF4102_P2_M0->MF4102_P2_M1,MF4102_P2_M0,MF4102_P2_M1,0.672143412812454,0.999999,13.815509557935018,9.877985101430086e-10,-9.877985096551356e-10,0.15417800770727783,0.15417800770318602,-0.14338840896589614,-4.091810223982861e-12,True,9,6,"{'calcite': 'lower', 'dolomite': 'lower', 'gypsum': 'lower', 'NO3src': 'lower', 'NaCa_exch': 'lower', 'MgNa_exch': 'lower'}","{'calcite': 0.0, 'dolomite': 0.0, 'gypsum': 0.0, 'albite': 0.11804055363037794, 'anorthite': -0.07726891348145398, 'k_feldspar': 0.048185744998587694, 'NO3src': 0.0, 'denit': 0.02472632675969919, 'CaNa_exch': 0.015274521368169309, 'NaCa_exch': 0.0, 'MgNa_exch': 0.0, 'NaMg_exch': 0.010617220393313193}",albite,silicate_exchange,albite,silicate_exchange,0.7616541710801978,4102,locked_test,1,silicate_weathering,silicate_exchange,0.7616541710801978,0.7616541710801978,0.7616541710801978,True,True
MF4102_P2_M1->MF4102_P2_M2,MF4102_P2_M1,MF4102_P2_M2,0.7459369445780941,0.999999,13.815509557935018,0.004385084912620659,-0.004375498442548286,0.1595228759990398,0.16242583989464762,-0.15050906280546078,0.0029029638956078185,True,9,6,"{'calcite': 'lower', 'dolomite': 'lower', 'NO3src': 'lower', 'denit': 'lower', 'NaCa_exch': 'lower', 'MgNa_exch': 'lower'}","{'calcite': 0.0, 'dolomite': 0.0, 'gypsum': 0.00018154578548797043, 'albite': -0.04908510464623258, 'anorthite': 0.14488941200949804, 'k_feldspar': -0.03441611951673779, 'NO3src': 0.0, 'denit': 0.0, 'CaNa_exch': 0.012787935989087082, 'NaCa_exch': 0.0, 'MgNa_exch': 0.0, 'NaMg_exch': 0.030292551508520112}",anorthite,silicate_exchange,anorthite,silicate_exchange,0.6224040214387129,4102,locked_test,1,carbonate_weathering,carbonate,0.6224040214387128,0.6224040214387128,1e-06,False,False
MF4102_P2_M2->MF4102_P2_M3,MF4102_P2_M2,MF4102_P2_M3,0.7457151425155637,0.999999,13.815509557935018,0.00022174961420341502,-0.00022172503139180087,0.15403538082029128,0.15554221635406223,-0.1445696852047266,0.001506835533770956,True,9,7,"{'calcite': 'lower', 'dolomite': 'lower', 'gypsum': 'lower', 'NO3src': 'lower', 'NaCa_exch': 'lower', 'MgNa_exch': 'lower', 'NaMg_exch': 'lower'}","{'calcite': 0.0, 'dolomite': 0.0, 'gypsum': 0.0, 'albite': 0.010989071874660514, 'anorthite': -0.07006280410056505, 'k_feldspar': -0.002014115728612219, 'NO3src': 0.0, 'denit': 0.19898402229488915, 'CaNa_exch': 0.007108687097168794, 'NaCa_exch': 0.0, 'MgNa_exch': 0.0, 'NaMg_exch': 0.0}",denit,denitrification,NO3src,other,0.741148599819999,4102,locked_test,1,denitrification,denitrification,0.741148599819999,0.741148599819999,0.741148599819999,True,False
MF4103_P0_M0->MF4103_P0_M1,MF4103_P0_M0,MF4103_P0_M1,0.6716789174827076,0.999999,13.815509557935018,1.1926540586475402e-05,-1.1926469465855704e-05,0.1594954149774925,0.15952790809878314,-0.1480129465042448,3.249312129063875e-05,True,9,6,"{'calcite': 'lower', 'dolomite': 'lower', 'gypsum': 'lower', 'NO3src': 'lower', 'CaNa_exch': 'lower', 'NaMg_exch': 'lower'}","{'calcite': 0.0, 'dolomite': 0.0, 'gypsum': 0.0, 'albite': -0.11000496200607067, 'anorthite': 0.21601816385275988, 'k_feldspar': -0.008702146991292115, 'NO3src': 0.0, 'denit': 0.017866619866784075, 'CaNa_exch': 0.0, 'NaCa_exch': 0.053204103358653644, 'MgNa_exch': 0.012816858754489355, 'NaMg_exch': 0.0}",anorthite,silicate_exchange,anorthite,silicate_exchange,0.6752062672192438,4103,locked_test,1,carbonate_weathering,carbonate,0.6752062672192437,0.6752062672192437,0.6752062672192437,False,False
MF4103_P0_M1->MF4103_P0_M2,MF4103_P0_M1,MF4103_P0_M2,0.74643788028727,0.999999,13.815509557935018,0.00567200274928036,-0.0056559775099317595,0.1560818914528381,0.15609330760909035,-0.1450464829176494,1.1416156252247456e-05,True,9,7,"{'calcite': 'lower', 'dolomite': 'lower', 'gypsum': 'lower', 'NO3src': 'lower', 'denit': 'lower', 'NaCa_exch': 'lower', 'MgNa_exch': 'lower'}","{'calcite': 0.0, 'dolomite': 0.0, 'gypsum': 0.0, 'albite': 0.15144884527826205, 'anorthite': -0.30738791489388895, 'k_feldspar': 0.002546214298168765, 'NO3src': 0.0, 'denit': 0.0, 'CaNa_exch': 0.08640620094232355, 'NaCa_exch': 0.0, 'MgNa_exch': 0.0, 'NaMg_exch': 0.003114270663413376}",anorthite,silicate_exchange,anorthite,silicate_exchange,0.732553971631866,4103,locked_test,1,carbonate_precipitation,carbonate,0.732553971631866,0.732553971631866,0.732553971631866,False,False
MF4103_P0_M2->MF4103_P0_M3,MF4103_P0_M2,MF4103_P0_M3,0.7459632499587767,0.999999,13.815509557935018,1.998780157264737e-05,-1.9987601819203267e-05,0.15444977936532572,0.15539624905544458,-0.1444433579130253,0.0009464696901188563,True,8,6,"{'dolomite': 'lower', 'gypsum': 'lower', 'NO3src': 'lower', 'denit': 'lower', 'NaCa_exch': 'lower', 'MgNa_exch': 'lower'}","{'calcite': 0.0, 'dolomite': 0.0, 'gypsum': 0.0, 'albite': 0.1337214773165144, 'anorthite': -0.05396164228925938, 'k_feldspar': 0.02120789305008639, 'NO3src': 0.0, 'denit': 0.0, 'CaNa_exch': 0.03913481917752644, 'NaCa_exch': 0.0, 'MgNa_exch': 0.0, 'NaMg_exch': 0.034165818065302396}",albite,silicate_exchange,albite,silicate_exchange,0.7433953838452803,4103,locked_test,1,silicate_weathering,silicate_exchange,0.7433953838452803,0.7433953838452803,0.7433953838452803,True,True
MF4103_P1_M0->MF4103_P1_M1,MF4103_P1_M0,MF4103_P1_M1,0.6725554008172623,0.999999,13.815509557935018,4.3402239827277524e-06,-4.340214563982895e-06,0.15604972886945895,0.1560497288641814,-0.14500878737353584,-5.277556169858144e-12,True,9,7,"{'calcite': 'lower', 'dolomite': 'lower', 'gypsum': 'lower', 'NO3src': 'lower', 'CaNa_exch': 'lower', 'NaCa_exch': 'lower', 'NaMg_exch': 'lower'}","{'calcite': 0.0, 'dolomite': 0.0, 'gypsum': 0.0, 'albite': 0.028653416764284387, 'anorthite': -0.041705508902049306, 'k_feldspar': 0.0016443161173358522, 'NO3src': 0.0, 'denit': 0.26473159843595473, 'CaNa_exch': 0.0, 'NaCa_exch': 0.0, 'MgNa_exch': 0.0059710188926644595, 'NaMg_exch': 0.0}",denit,denitrification,denit,denitrification,0.7332400174580195,4103,locked_test,1,denitrification,denitrification,0.7332400174580195,0.7332400174580195,0.7332400174580195,True,True
MF4103_P1_M1->MF4103_P1_M2,MF4103_P1_M1,MF4103_P1_M2,0.7549622961018756,0.999999,13.815509557935018,0.023980476450744533,-0.02369746046948841,0.1558390899391394,0.16141345149111264,-0.14963775602332988,0.005574361551973245,True,10,8,"{'calcite': 'lower', 'dolomite': 'lower', 'gypsum': 'lower', 'NO3src': 'lower', 'iron_reduction': 'lower', 'NaCa_exch': 'lower', 'MgNa_exch': 'lower', 'NaMg_exch': 'lower'}","{'calcite': 0.0, 'dolomite': 0.0, 'gypsum': 0.0, 'albite': 0.012774808097357078, 'anorthite': -0.0965667360721205, 'k_feldspar': -0.00010253548507229085, 'NO3src': 0.0, 'sulfate_reduction': 0.21936269145299064, 'iron_reduction': 0.0, 'CaNa_exch': 0.03325159578127306, 'NaCa_exch': 0.0, 'MgNa_exch': 0.0, 'NaMg_exch': 0.0}",sulfate_reduction,sulfate_reduction,sulfate_reduction,sulfate_reduction,0.6412445198168276,4103,locked_test,1,sulfate_reduction,sulfate_reduction,0.6412445198168276,0.6412445198168276,0.6412445198168276,True,True
MF4103_P1_M2->MF4103_P1_M3,MF4103_P1_M2,MF4103_P1_M3,0.7486482649657633,0.999999,13.815509557935018,5.928819065927289e-05,-5.928643318396174e-05,0.1520150430252562,0.15206579551838964,-0.14155667480801642,5.075249313343799e-05,True,9,6,"{'calcite': 'lower', 'dolomite': 'lower', 'NO3src': 'lower', 'sulfate_reduction': 'lower', 'NaCa_exch': 'lower', 'MgNa_exch': 'lower'}","{'calcite': 0.0, 'dolomite': 0.0, 'albite': 0.039187042179285814, 'anorthite': -0.06360809349837772, 'k_feldspar': 0.0015676927943789518, 'NO3src': 0.0, 'sulfate_reduction': 0.0, 'iron_reduction': 0.033209130509699265, 'CaNa_exch': 0.04495860170600704, 'NaCa_exch': 0.0, 'MgNa_exch': 0.0, 'NaMg_exch': 0.012645436785598835}",anorthite,silicate_exchange,anorthite,silicate_exchange,0.7911821305133028,4103,locked_test,1,iron_reduction,iron_reduction,0.7911821305133028,0.7911821305133028,0.7911821305133028,False,False
MF4103_P2_M0->MF4103_P2_M1,MF4103_P2_M0,MF4103_P2_M1,0.6711791148593959,0.999999,13.815509557935018,6.4407080939870725e-06,-6.440687352715755e-06,0.15268304497352647,0.15268319668645353,-0.1420924391666694,1.5171292705451478e-07,True,9,7,"{'calcite': 'lower', 'dolomite': 'lower', 'gypsum': 'lower', 'denit': 'lower', 'CaNa_exch': 'lower', 'NaCa_exch': 'lower', 'MgNa_exch': 'lower'}","{'calcite': 0.0, 'dolomite': 0.0, 'gypsum': 0.0, 'albite': 0.07758722921947647, 'anorthite': 0.020545638539980406, 'k_feldspar': 0.038637035618701424, 'NO3src': 0.0007308088829066089, 'denit': 0.0, 'CaNa_exch': 0.0, 'NaCa_exch': 0.0, 'MgNa_exch': 0.0, 'NaMg_exch': 0.02162854836652544}",albite,silicate_exchange,albite,silicate_exchange,0.7828335344431603,4103,locked_test,1,silicate_weathering,silicate_exchange,0.7828335344431603,0.7828335344431603,0.7828335344431603,True,True
MF4103_P2_M1->MF4103_P2_M2,MF4103_P2_M1,MF4103_P2_M2,0.7465319159011665,0.999999,13.815509557935018,0.013028493283686708,-0.012944352495539447,0.15597889489193936,0.15608030212275645,-0.14503523334168392,0.00010140723081708547,True,9,6,"{'calcite': 'lower', 'dolomite': 'lower', 'gypsum': 'lower', 'NO3src': 'lower', 'CaNa_exch': 'lower', 'NaMg_exch': 'lower'}","{'calcite': 0.0, 'dolomite': 0.0, 'gypsum': 0.0, 'albite': -0.06372585517017078, 'anorthite': 0.1527886083311975, 'k_feldspar': -0.028053929918552475, 'NO3src': 0.0, 'denit': 0.001716892832434723, 'CaNa_exch': 0.0, 'NaCa_exch': 0.024410144734971714, 'MgNa_exch': 0.015515848506779272, 'NaMg_exch': 0.0}",anorthite,silicate_exchange,anorthite,silicate_exchange,0.732758827238475,4103,locked_test,1,carbonate_weathering,carbonate,0.7327588272384749,0.7327588272384749,0.7327588272384749,False,False
MF4103_P2_M2->MF4103_P2_M3,MF4103_P2_M2,MF4103_P2_M3,0.7463780366176109,0.999999,13.815509557935018,2.6000741954659253e-05,-2.600040394122721e-05,0.15455366645881877,0.1545547035664806,-0.1437147315971809,1.037107661833181e-06,True,9,6,"{'calcite': 'lower', 'dolomite': 'lower', 'gypsum': 'lower', 'NO3src': 'lower', 'NaCa_exch': 'lower', 'MgNa_exch': 'lower'}","{'calcite': 0.0, 'dolomite': 0.0, 'gypsum': 0.0, 'albite': -0.0022978688697246922, 'anorthite': -0.08310969570085366, 'k_feldspar': 0.0006126635998117146, 'NO3src': 0.0, 'denit': 0.2631698127443617, 'CaNa_exch': 0.016539473794629698, 'NaCa_exch': 0.0, 'MgNa_exch': 0.0, 'NaMg_exch': 0.007148413771199967}",denit,denitrification,denit,denitrification,0.7561030358669827,4103,locked_test,1,denitrification,denitrification,0.7561030358669827,0.7561030358669827,1e-06,True,True
MF4104_P0_M0->MF4104_P0_M1,MF4104_P0_M0,MF4104_P0_M1,0.6711922253004106,0.999999,13.815509557935018,2.9596566017469804e-06,-2.959652221972022e-06,0.15903571987322046,0.1591806324168022,-0.1477134041697862,0.00014491254358173222,True,9,6,"{'calcite': 'lower', 'dolomite': 'lower', 'gypsum': 'lower', 'NO3src': 'lower', 'CaNa_exch': 'lower', 'NaMg_exch': 'lower'}","{'calcite': 0.0, 'dolomite': 0.0, 'gypsum': 0.0, 'albite': -0.12622050018589562, 'anorthite': 0.22022545717545475, 'k_feldspar': -0.016086685058410023, 'NO3src': 0.0, 'denit': 0.009270205131197338, 'CaNa_exch': 0.0, 'NaCa_exch': 0.04582261927063803, 'MgNa_exch': 0.013775371524695483, 'NaMg_exch': 0.0}",anorthite,silicate_exchange,anorthite,silicate_exchange,0.681283447257288,4104,locked_test,1,carbonate_weathering,carbonate,0.681283447257288,0.681283447257288,0.681283447257288,False,False
MF4104_P0_M1->MF4104_P0_M2,MF4104_P0_M1,MF4104_P0_M2,0.7484859594275677,0.999999,13.815509557935018,0.002636395779228138,-0.0026329265839858413,0.1615628554243022,0.16237912436727256,-0.15046887403427398,0.0008162689429703496,True,9,6,"{'calcite': 'lower', 'dolomite': 'lower', 'NO3src': 'lower', 'denit': 'lower', 'NaCa_exch': 'lower', 'MgNa_exch': 'lower'}","{'calcite': 0.0, 'dolomite': 0.0, 'gypsum': 0.012990855337492316, 'albite': 0.17722277115291735, 'anorthite': -0.39876802405040007, 'k_feldspar': -0.003424492390786023, 'NO3src': 0.0, 'denit': 0.0, 'CaNa_exch': 0.10200661513462232, 'NaCa_exch': 0.0, 'MgNa_exch': 0.0, 'NaMg_exch': 0.012536844963340834}",anorthite,silicate_exchange,anorthite,silicate_exchange,0.6232817232095874,4104,locked_test,1,carbonate_precipitation,carbonate,0.6232817232095874,0.6232817232095874,0.6232817232095874,False,False
MF4104_P0_M2->MF4104_P0_M3,MF4104_P0_M2,MF4104_P0_M3,0.7456998094257175,0.999999,13.815509557935018,0.0005777935038717375,-0.0005776266454752173,0.15562855651184285,0.15807223730624262,-0.14675675829865775,0.002443680794399772,True,8,5,"{'dolomite': 'lower', 'NO3src': 'lower', 'denit': 'lower', 'NaCa_exch': 'lower', 'MgNa_exch': 'lower'}","{'calcite': 0.0, 'dolomite': 0.0, 'gypsum': 0.007893893161716459, 'albite': 0.14549723114027188, 'anorthite': -0.058356976397038345, 'k_feldspar': 0.013578668126243053, 'NO3src': 0.0, 'denit': 0.0, 'CaNa_exch': 0.04582923163548799, 'NaCa_exch': 0.0, 'MgNa_exch': 0.0, 'NaMg_exch': 0.019143347463943215}",albite,silicate_exchange,NO3src,other,0.7002766089835738,4104,locked_test,1,silicate_weathering,silicate_exchange,0.7002766089835738,0.7002766089835738,0.7002766089835738,True,False
MF4104_P1_M0->MF4104_P1_M1,MF4104_P1_M0,MF4104_P1_M1,0.6731114370967358,0.999999,13.815509557935018,7.715084762708626e-05,-7.71478716535064e-05,0.15585817556360848,0.15593365125078634,-0.14490837349124677,7.547568717786168e-05,True,9,6,"{'calcite': 'lower', 'dolomite': 'lower', 'gypsum': 'lower', 'NO3src': 'lower', 'NaCa_exch': 'lower', 'MgNa_exch': 'lower'}","{'calcite': 0.0, 'dolomite': 0.0, 'gypsum': 0.0, 'albite': 0.003162779594231058, 'anorthite': -0.07404637577418777, 'k_feldspar': 0.005249366370036851, 'NO3src': 0.0, 'denit': 0.22369201049296175, 'CaNa_exch': 0.021898131072240146, 'NaCa_exch': 0.0, 'MgNa_exch': 0.0, 'NaMg_exch': 0.018895670998738165}",denit,denitrification,denit,denitrification,0.7350620428430819,4104,locked_test,1,denitrification,denitrification,0.7350620428430817,0.7350620428430817,1e-06,True,True
MF4104_P1_M1->MF4104_P1_M2,MF4104_P1_M1,MF4104_P1_M2,0.7457627236290321,0.999999,13.815509557935018,0.0038677219655728545,-0.0038602615593021365,0.15886432972264813,0.16133690077518026,-0.14957184216746894,0.0024725710525321243,True,10,7,"{'calcite': 'lower', 'dolomite': 'lower', 'gypsum': 'lower', 'NO3src': 'lower', 'iron_reduction': 'lower', 'NaCa_exch': 'lower', 'MgNa_exch': 'lower'}","{'calcite': 0.0, 'dolomite': 0.0, 'gypsum': 0.0, 'albite': 0.046757097549114134, 'anorthite': -0.13485574432675293, 'k_feldspar': -0.005771098582683087, 'NO3src': 0.0, 'sulfate_reduction': 0.24249430060426452, 'iron_reduction': 0.0, 'CaNa_exch': 0.07674478474837787, 'NaCa_exch': 0.0, 'MgNa_exch': 0.0, 'NaMg_exch': 0.03790846260407229}",sulfate_reduction,sulfate_reduction,sulfate_reduction,sulfate_reduction,0.6426530410861374,4104,locked_test,1,sulfate_reduction,sulfate_reduction,0.6426530410861374,0.6426530410861374,0.6426530410861374,True,True
MF4104_P1_M2->MF4104_P1_M3,MF4104_P1_M2,MF4104_P1_M3,0.7563539969454358,0.999999,13.815509557935018,0.00019268589663054848,-0.00019266733508749507,0.15098542418001798,0.15098542418001798,-0.1406184660453285,0.0,True,9,6,"{'calcite': 'lower', 'dolomite': 'lower', 'NO3src': 'lower', 'CaNa_exch': 'lower', 'NaCa_exch': 'lower', 'MgNa_exch': 'lower'}","{'calcite': 0.0, 'dolomite': 0.0, 'albite': -0.007664301021479622, 'anorthite': 0.014848118847085407, 'k_feldspar': -0.0037701710893375566, 'NO3src': 0.0, 'sulfate_reduction': 0.010782383219316592, 'iron_reduction': 0.04347179910613219, 'CaNa_exch': 0.0, 'NaCa_exch': 0.0, 'MgNa_exch': 0.0, 'NaMg_exch': 0.0024692780083657934}",iron_reduction,iron_reduction,iron_reduction,iron_reduction,0.8052272086307203,4104,locked_test,1,iron_reduction,iron_reduction,0.8052272086307203,0.8052272086307203,0.8052272086307203,True,True
MF4104_P2_M0->MF4104_P2_M1,MF4104_P2_M0,MF4104_P2_M1,0.672006626716818,0.999999,13.815509557935018,4.5847279551296665e-05,-4.5846228596897685e-05,0.1537671831228315,0.15411675623608675,-0.1433353382159464,0.0003495731132552582,True,9,6,"{'calcite': 'lower', 'dolomite': 'lower', 'gypsum': 'lower', 'denit': 'lower', 'NaCa_exch': 'lower', 'MgNa_exch': 'lower'}","{'calcite': 0.0, 'dolomite': 0.0, 'gypsum': 0.0, 'albite': 0.11915282693291594, 'anorthite': -0.007675709101177366, 'k_feldspar': 0.02374814285815311, 'NO3src': 0.008022573645807371, 'denit': 0.0, 'CaNa_exch': 0.011268690454746044, 'NaCa_exch': 0.0, 'MgNa_exch': 0.0, 'NaMg_exch': 0.010244174630330142}",albite,silicate_exchange,albite,silicate_exchange,0.762548713610128,4104,locked_test,1,silicate_weathering,silicate_exchange,0.762548713610128,0.762548713610128,0.762548713610128,True,True
MF4104_P2_M1->MF4104_P2_M2,MF4104_P2_M1,MF4104_P2_M2,0.7458168310689246,0.999999,13.815509557935018,0.00595731993784629,-0.005939645268460982,0.15683466863422585,0.15742583243845798,-0.1461984292781996,0.000591163804232131,True,9,7,"{'calcite': 'lower', 'dolomite': 'lower', 'gypsum': 'lower', 'NO3src': 'lower', 'denit': 'lower', 'NaCa_exch': 'lower', 'NaMg_exch': 'lower'}","{'calcite': 0.0, 'dolomite': 0.0, 'gypsum': 0.0, 'albite': -0.03591647514825227, 'anorthite': 0.13814172033424943, 'k_feldspar': -0.02498942102663318, 'NO3src': 0.0, 'denit': 0.0, 'CaNa_exch': 0.012106423372831202, 'NaCa_exch': 0.0, 'MgNa_exch': 0.007552165094210649, 'NaMg_exch': 0.0}",anorthite,silicate_exchange,anorthite,silicate_exchange,0.7110569864458441,4104,locked_test,1,carbonate_weathering,carbonate,0.7110569864458441,0.7110569864458441,1e-06,False,False
MF4104_P2_M2->MF4104_P2_M3,MF4104_P2_M2,MF4104_P2_M3,0.7457142766216749,0.999999,13.815509557935018,1.1796238486796389e-05,-1.1796168911722319e-05,0.15459214977363256,0.15642269042498186,-0.14533135257338278,0.0018305406513492994,True,9,6,"{'calcite': 'lower', 'dolomite': 'lower', 'gypsum': 'lower', 'NO3src': 'lower', 'NaCa_exch': 'lower', 'MgNa_exch': 'lower'}","{'calcite': 0.0, 'dolomite': 0.0, 'gypsum': 0.0, 'albite': 0.030340901495167667, 'anorthite': -0.06663353729948152, 'k_feldspar': 0.0, 'NO3src': 0.0, 'denit': 0.26551211430007493, 'CaNa_exch': 0.036734732564068825, 'NaCa_exch': 0.0, 'MgNa_exch': 0.0, 'NaMg_exch': 0.018104601685146764}",denit,denitrification,denit,denitrification,0.727333363367765,4104,locked_test,1,denitrification,denitrification,0.727333363367765,0.727333363367765,1e-06,True,True
MF4105_P0_M0->MF4105_P0_M1,MF4105_P0_M0,MF4105_P0_M1,0.6712209500322134,0.999999,13.815509557935018,6.8493583471699815e-06,-6.849334890422207e-06,0.15656771436957356,0.15667358366135167,-0.14554828538345602,0.00010586929177811011,True,9,7,"{'calcite': 'lower', 'dolomite': 'lower', 'gypsum': 'lower', 'NO3src': 'lower', 'CaNa_exch': 'lower', 'MgNa_exch': 'lower', 'NaMg_exch': 'lower'}","{'calcite': 0.0, 'dolomite': 0.0, 'gypsum': 0.0, 'albite': -0.07705913587852105, 'anorthite': 0.18420251433935717, 'k_feldspar': -0.013977420429905744, 'NO3src': 0.0, 'denit': 0.015885140515795173, 'CaNa_exch': 0.0, 'NaCa_exch': 0.009671820600751418, 'MgNa_exch': 0.0, 'NaMg_exch': 0.0}",anorthite,silicate_exchange,anorthite,silicate_exchange,0.7233153320434078,4105,locked_test,1,carbonate_weathering,carbonate,0.7233153320434078,0.7233153320434078,0.7233153320434078,False,False
MF4105_P0_M1->MF4105_P0_M2,MF4105_P0_M1,MF4105_P0_M2,0.745698899983491,0.999999,13.815509557935018,0.004665442635185638,-0.0046545931895848585,0.15666806959279683,0.15666806958879348,-0.14554351819089675,-4.003353204495852e-12,True,9,6,"{'calcite': 'lower', 'dolomite': 'lower', 'gypsum': 'lower', 'denit': 'lower', 'NaCa_exch': 'lower', 'NaMg_exch': 'lower'}","{'calcite': 0.0, 'dolomite': 0.0, 'gypsum': 0.0, 'albite': 0.13654262613488063, 'anorthite': -0.29226064224591164, 'k_feldspar': 0.012445489392189226, 'NO3src': 0.005183760625952044, 'denit': 0.0, 'CaNa_exch': 0.0754661067985712, 'NaCa_exch': 0.0, 'MgNa_exch': 0.0006390459573835264, 'NaMg_exch': 0.0}",anorthite,silicate_exchange,anorthite,silicate_exchange,0.7234040219195601,4105,locked_test,1,carbonate_precipitation,carbonate,0.7234040219195601,0.7234040219195601,1e-06,False,False
MF4105_P0_M2->MF4105_P0_M3,MF4105_P0_M2,MF4105_P0_M3,0.7461645130792256,0.999999,13.815509557935018,0.0073456505619885724,-0.0073188026675649,0.15530468742254935,0.15559908126953967,-0.14461889458499894,0.0002943938469903151,True,8,5,"{'dolomite': 'lower', 'gypsum': 'lower', 'NO3src': 'lower', 'NaCa_exch': 'lower', 'MgNa_exch': 'lower'}","{'calcite': 0.0, 'dolomite': 0.0, 'gypsum': 0.0, 'albite': 0.18097411775506922, 'anorthite': -0.13560382996729892, 'k_feldspar': 0.023118944113180984, 'NO3src': 0.0, 'denit': 0.03544151337593251, 'CaNa_exch': 0.04062905283456979, 'NaCa_exch': 0.0, 'MgNa_exch': 0.0, 'NaMg_exch': 0.0099935464497121}",albite,silicate_exchange,albite,silicate_exchange,0.7402699336079831,4105,locked_test,1,silicate_weathering,silicate_exchange,0.7402699336079831,0.7402699336079831,0.7402699336079831,True,True
MF4105_P1_M1->MF4105_P1_M2,MF4105_P1_M1,MF4105_P1_M2,0.7494783955944949,0.999999,13.815509557935018,0.019953911611800507,-0.019757441581007434,0.1569319020859162,0.1593806870004709,-0.147885972031149,0.0024487849145546914,True,10,7,"{'calcite': 'lower', 'dolomite': 'lower', 'gypsum': 'lower', 'NO3src': 'lower', 'iron_reduction': 'lower', 'NaCa_exch': 'lower', 'MgNa_exch': 'lower'}","{'calcite': 0.0, 'dolomite': 0.0, 'gypsum': 0.0, 'albite': 0.009419846453519336, 'anorthite': -0.05689061036778539, 'k_feldspar': 0.002279347250569803, 'NO3src': 0.0, 'sulfate_reduction': 0.24575690455258695, 'iron_reduction': 0.0, 'CaNa_exch': 0.01763601010523218, 'NaCa_exch': 0.0, 'MgNa_exch': 0.0, 'NaMg_exch': 0.001175569695565332}",sulfate_reduction,sulfate_reduction,sulfate_reduction,sulfate_reduction,0.6777897154197282,4105,locked_test,1,sulfate_reduction,sulfate_reduction,0.6777897154197282,0.6777897154197282,0.6777897154197282,True,True
MF4105_P1_M2->MF4105_P1_M3,MF4105_P1_M2,MF4105_P1_M3,0.7483806513431522,0.999999,13.815509557935018,0.00014964196146495333,-0.0001496307662234758,0.15359152068772025,0.1535915206877202,-0.14288013721615964,-5.551115123125783e-17,True,9,5,"{'calcite': 'lower', 'dolomite': 'lower', 'NO3src': 'lower', 'CaNa_exch': 'lower', 'NaMg_exch': 'lower'}","{'calcite': 0.0, 'dolomite': 0.0, 'albite': -0.006467955609454226, 'anorthite': 0.0, 'k_feldspar': 0.0, 'NO3src': 0.0, 'sulfate_reduction': 0.031211653587477167, 'iron_reduction': 0.05934301950335326, 'CaNa_exch': 0.0, 'NaCa_exch': 0.015693204287093854, 'MgNa_exch': 0.004226966531643022, 'NaMg_exch': 0.0}",iron_reduction,iron_reduction,iron_reduction,iron_reduction,0.7701261788717176,4105,locked_test,1,iron_reduction,iron_reduction,0.7701261788717176,0.7701261788717176,0.7701261788717176,True,True
MF4105_P2_M0->MF4105_P2_M1,MF4105_P2_M0,MF4105_P2_M1,0.6711571266423085,0.999999,13.815509557935018,0.00010042343787512856,-0.00010041839577925148,0.15409924821627938,0.1548791126464426,-0.14399567412068454,0.0007798644301632296,True,9,6,"{'calcite': 'lower', 'dolomite': 'lower', 'gypsum': 'lower', 'denit': 'lower', 'NaCa_exch': 'lower', 'MgNa_exch': 'lower'}","{'calcite': 0.0, 'dolomite': 0.0, 'gypsum': 0.0, 'albite': 0.15042546567172035, 'anorthite': -0.06396380548653627, 'k_feldspar': 0.015998376542116267, 'NO3src': 0.0016668095232831557, 'denit': 0.0, 'CaNa_exch': 0.04773587417837955, 'NaCa_exch': 0.0, 'MgNa_exch': 0.0, 'NaMg_exch': 0.0243945891744643}",albite,silicate_exchange,albite,silicate_exchange,0.7512542118968978,4105,locked_test,1,silicate_weathering,silicate_exchange,0.7512542118968978,0.7512542118968978,0.7512542118968978,True,True
MF4105_P2_M1->MF4105_P2_M2,MF4105_P2_M1,MF4105_P2_M2,0.7458691081623894,0.999999,13.815509557935018,0.011383894157771713,-0.011319585231802926,0.15713589644903306,0.1572258188409604,-0.14602560534775214,8.992239192734397e-05,True,9,6,"{'calcite': 'lower', 'dolomite': 'lower', 'gypsum': 'lower', 'NO3src': 'lower', 'CaNa_exch': 'lower', 'NaMg_exch': 'lower'}","{'calcite': 0.0, 'dolomite': 0.0, 'gypsum': 0.0, 'albite': -0.11432156462725279, 'anorthite': 0.23658057674363153, 'k_feldspar': -0.019475801741902613, 'NO3src': 0.0, 'denit': 0.00558619207881363, 'CaNa_exch': 0.0, 'NaCa_exch': 0.04494214614319296, 'MgNa_exch': 0.019615194482026897, 'NaMg_exch': 0.0}",anorthite,silicate_exchange,anorthite,silicate_exchange,0.714346884876695,4105,locked_test,1,carbonate_weathering,carbonate,0.714346884876695,0.714346884876695,0.714346884876695,False,False
MF4105_P2_M2->MF4105_P2_M3,MF4105_P2_M2,MF4105_P2_M3,0.7458145162622154,0.999999,13.815509557935018,4.496257631229283e-06,-4.49624752309324e-06,0.15413582946555024,0.15886029611831987,-0.14743701879921042,0.004724466652769627,True,9,6,"{'calcite': 'lower', 'dolomite': 'lower', 'gypsum': 'lower', 'NO3src': 'lower', 'NaCa_exch': 'lower', 'MgNa_exch': 'lower'}","{'calcite': 0.0, 'dolomite': 0.0, 'gypsum': 0.0, 'albite': 0.048354357529284346, 'anorthite': -0.062411965393629656, 'k_feldspar': -0.009574143588505345, 'NO3src': 0.0, 'denit': 0.23372252266672258, 'CaNa_exch': 0.06714107781639002, 'NaCa_exch': 0.0, 'MgNa_exch': 0.0, 'NaMg_exch': 0.04429215484365822}",denit,denitrification,NO3src,other,0.6868366941799445,4105,locked_test,1,denitrification,denitrification,0.6868366941799445,0.6868366941799445,0.6868366941799445,True,False
MF4106_P0_M0->MF4106_P0_M1,MF4106_P0_M0,MF4106_P0_M1,0.6713698145923169,0.999999,13.815509557935018,7.79702997267048e-07,-7.79702693298824e-07,0.16182393085429064,0.1622179154437044,-0.1503301756525194,0.0003939845894137539,True,9,6,"{'calcite': 'lower', 'dolomite': 'lower', 'gypsum': 'lower', 'NO3src': 'lower', 'CaNa_exch': 'lower', 'NaMg_exch': 'lower'}","{'calcite': 0.0, 'dolomite': 0.0, 'gypsum': 0.0, 'albite': -0.08514795434320961, 'anorthite': 0.21353857495863998, 'k_feldspar': -0.02580721671019304, 'NO3src': 0.0, 'denit': 0.007841180310040429, 'CaNa_exch': 0.0, 'NaCa_exch': 0.016819486634715428, 'MgNa_exch': 0.005878142336320851, 'NaMg_exch': 0.0}",anorthite,silicate_exchange,anorthite,silicate_exchange,0.6263045843843759,4106,locked_test,1,carbonate_weathering,carbonate,0.6263045843843758,0.6263045843843758,0.6263045843843758,False,False
MF4106_P0_M1->MF4106_P0_M2,MF4106_P0_M1,MF4106_P0_M2,0.7458968856553564,0.999999,13.815509557935018,0.014857449198838482,-0.014748158491473672,0.16064618796284555,0.16064618796694258,-0.1489769086109246,4.0970282721985996e-12,True,9,6,"{'calcite': 'lower', 'dolomite': 'lower', 'gypsum': 'lower', 'NO3src': 'lower', 'NaCa_exch': 'lower', 'NaMg_exch': 'lower'}","{'calcite': 0.0, 'dolomite': 0.0, 'gypsum': 0.0, 'albite': 0.1804476908240917, 'anorthite': -0.3890728779919371, 'k_feldspar': 0.011654868459392205, 'NO3src': 0.0, 'denit': 0.001498039397535144, 'CaNa_exch': 0.0355159959278207, 'NaCa_exch': 0.0, 'MgNa_exch': 0.039513799803761684, 'NaMg_exch': 0.0}",anorthite,silicate_exchange,anorthite,silicate_exchange,0.6552525500981822,4106,locked_test,1,carbonate_precipitation,carbonate,0.6552525500981822,0.6552525500981822,0.6552525500981822,False,False
MF4106_P0_M2->MF4106_P0_M3,MF4106_P0_M2,MF4106_P0_M3,0.7457607806353792,0.999999,13.815509557935018,0.00017116297925141128,-0.00017114833253997086,0.152598602032422,0.15259860203509035,-0.14201904714019517,2.668337772959717e-12,True,7,5,"{'gypsum': 'lower', 'NO3src': 'lower', 'denit': 'lower', 'CaNa_exch': 'lower', 'MgNa_exch': 'lower'}","{'calcite': 0.0, 'dolomite': 0.0, 'gypsum': 0.0, 'albite': 0.0913136373972649, 'anorthite': 0.003849372135833673, 'k_feldspar': 0.03790302101891238, 'NO3src': 0.0, 'denit': 0.0, 'CaNa_exch': 0.0, 'NaCa_exch': 0.005687653243216708, 'MgNa_exch': 0.0, 'NaMg_exch': 0.0036052199185578502}",albite,silicate_exchange,albite,silicate_exchange,0.78399128140215,4106,locked_test,1,silicate_weathering,silicate_exchange,0.78399128140215,0.78399128140215,0.78399128140215,True,True
MF4106_P1_M0->MF4106_P1_M1,MF4106_P1_M0,MF4106_P1_M1,0.6715414318595748,0.999999,13.815509557935018,8.54132121536772e-08,-8.5413208505969e-08,0.15798665401183845,0.15822501328929342,-0.1468886722688816,0.0002383592774549692,True,9,6,"{'calcite': 'lower', 'dolomite': 'lower', 'gypsum': 'lower', 'NaCa_exch': 'lower', 'MgNa_exch': 'lower', 'NaMg_exch': 'lower'}","{'calcite': 0.0, 'dolomite': 0.0, 'gypsum': 0.0, 'albite': 0.021790870552778674, 'anorthite': -0.06942726446329194, 'k_feldspar': 0.011600680964829628, 'NO3src': 0.013641848174547201, 'denit': 0.2521761531132687, 'CaNa_exch': 0.04528359039512316, 'NaCa_exch': 0.0, 'MgNa_exch': 0.0, 'NaMg_exch': 0.0}",denit,denitrification,denit,denitrification,0.6976962199127364,4106,locked_test,1,denitrification,denitrification,0.6976962199127363,0.6976962199127363,0.6976962199127363,True,True
MF4106_P1_M1->MF4106_P1_M2,MF4106_P1_M1,MF4106_P1_M2,0.7513794550108579,0.999999,13.815509557935018,0.07411975122428023,-0.07150149007981373,0.1619309032365737,0.16563242769914543,-0.15326379611855145,0.0037015244625717425,True,10,7,"{'calcite': 'lower', 'dolomite': 'lower', 'gypsum': 'lower', 'NO3src': 'lower', 'iron_reduction': 'lower', 'NaCa_exch': 'lower', 'MgNa_exch': 'lower'}","{'calcite': 0.0, 'dolomite': 0.0, 'gypsum': 0.0, 'albite': 0.06502516622185678, 'anorthite': -0.07903332812765693, 'k_feldspar': -0.017917523308803668, 'NO3src': 0.0, 'sulfate_reduction': 0.17908636561951125, 'iron_reduction': 0.0, 'CaNa_exch': 0.06611751922859509, 'NaCa_exch': 0.0, 'MgNa_exch': 0.0, 'NaMg_exch': 0.016877853687276748}",sulfate_reduction,sulfate_reduction,sulfate_reduction,sulfate_reduction,1e-06,4106,locked_test,1,sulfate_reduction,sulfate_reduction,0.5606148667610259,1e-06,1e-06,True,True
MF4106_P1_M2->MF4106_P1_M3,MF4106_P1_M2,MF4106_P1_M3,0.7477435113398048,0.999999,13.815509557935018,1.2018573691010588e-06,-1.2018566468710696e-06,0.15151434260398766,0.15151434260398763,-0.14107789578417437,-2.7755575615628914e-17,True,9,6,"{'calcite': 'lower', 'dolomite': 'lower', 'NO3src': 'lower', 'CaNa_exch': 'lower', 'NaCa_exch': 'lower', 'MgNa_exch': 'lower'}","{'calcite': 0.0, 'dolomite': 0.0, 'albite': -0.014500331189135034, 'anorthite': 0.017646337867536412, 'k_feldspar': 0.0, 'NO3src': 0.0, 'sulfate_reduction': 0.013118648980102413, 'iron_reduction': 0.049048668627128526, 'CaNa_exch': 0.0, 'NaCa_exch': 0.0, 'MgNa_exch': 0.0, 'NaMg_exch': 0.012172313792412744}",iron_reduction,iron_reduction,iron_reduction,iron_reduction,0.7984408043235313,4106,locked_test,1,iron_reduction,iron_reduction,0.7984408043235313,0.7984408043235313,0.7984408043235313,True,True
MF4106_P2_M0->MF4106_P2_M1,MF4106_P2_M0,MF4106_P2_M1,0.671725720405451,0.999999,13.815509557935018,0.00029085640801610146,-0.00029081411749117415,0.15239995744954332,0.15268259891698938,-0.14209192057698153,0.00028264146744605423,True,9,6,"{'calcite': 'lower', 'dolomite': 'lower', 'gypsum': 'lower', 'NO3src': 'lower', 'NaCa_exch': 'lower', 'MgNa_exch': 'lower'}","{'calcite': 0.0, 'dolomite': 0.0, 'gypsum': 0.0, 'albite': 0.09995259413223397, 'anorthite': -0.03212722747570088, 'k_feldspar': 0.023377790738602185, 'NO3src': 0.0, 'denit': 0.00946867636750831, 'CaNa_exch': 0.014294791797926818, 'NaCa_exch': 0.0, 'MgNa_exch': 0.0, 'NaMg_exch': 0.020468023998485192}",albite,silicate_exchange,albite,silicate_exchange,0.7828417308162131,4106,locked_test,1,silicate_weathering,silicate_exchange,0.7828417308162131,0.7828417308162131,0.7828417308162131,True,True
MF4106_P2_M1->MF4106_P2_M2,MF4106_P2_M1,MF4106_P2_M2,0.74594988971711,0.999999,13.815509557935018,0.003393980904582738,-0.003388234350185462,0.1569746756681163,0.15697467566930046,-0.1458085600457209,1.184163878065192e-12,True,9,5,"{'calcite': 'lower', 'dolomite': 'lower', 'gypsum': 'lower', 'CaNa_exch': 'lower', 'NaMg_exch': 'lower'}","{'calcite': 0.0, 'dolomite': 0.0, 'gypsum': 0.0, 'albite': -0.1083260037797397, 'anorthite': 0.19105793004574745, 'k_feldspar': -0.001984667409935899, 'NO3src': 0.026959748687741703, 'denit': 0.060633925206421004, 'CaNa_exch': 0.0, 'NaCa_exch': 0.012017496410534753, 'MgNa_exch': 0.0032105063854555574, 'NaMg_exch': 0.0}",anorthite,silicate_exchange,anorthite,silicate_exchange,0.718446575102698,4106,locked_test,1,carbonate_weathering,carbonate,0.718446575102698,0.718446575102698,0.718446575102698,False,False
MF4106_P2_M2->MF4106_P2_M3,MF4106_P2_M2,MF4106_P2_M3,0.7462447696368766,0.999999,13.815509557935018,0.005873066761584731,-0.0058558875353361345,0.15462901494656572,0.15475499534791182,-0.14388819623211277,0.000125980401346093,True,9,6,"{'calcite': 'lower', 'dolomite': 'lower', 'gypsum': 'lower', 'NO3src': 'lower', 'NaCa_exch': 'lower', 'MgNa_exch': 'lower'}","{'calcite': 0.0, 'dolomite': 0.0, 'gypsum': 0.0, 'albite': 0.016879237430156385, 'anorthite': -0.06786688856257705, 'k_feldspar': 0.0, 'NO3src': 0.0, 'denit': 0.2282074691629604, 'CaNa_exch': 0.022381114596577427, 'NaCa_exch': 0.0, 'MgNa_exch': 0.0, 'NaMg_exch': 0.003594679456820481}",denit,denitrification,denit,denitrification,0.7531167741215025,4106,locked_test,1,denitrification,denitrification,0.7531167741215025,0.7531167741215025,1e-06,True,True
MF4107_P0_M0->MF4107_P0_M1,MF4107_P0_M0,MF4107_P0_M1,0.6726270196609713,0.999999,13.815509557935018,1.2806168894875147e-05,-1.280608689659432e-05,0.1590991970940163,0.1590991970936223,-0.14764314921421373,-3.9399039586385243e-13,True,9,7,"{'calcite': 'lower', 'dolomite': 'lower', 'gypsum': 'lower', 'NO3src': 'lower', 'denit': 'lower', 'CaNa_exch': 'lower', 'NaMg_exch': 'lower'}","{'calcite': 0.0, 'dolomite': 0.0, 'gypsum': 0.0, 'albite': -0.14883279870195673, 'anorthite': 0.28876640817557514, 'k_feldspar': -0.010503468903209462, 'NO3src': 0.0, 'denit': 0.0, 'CaNa_exch': 0.0, 'NaCa_exch': 0.08907940645344843, 'MgNa_exch': 0.033550876038410046, 'NaMg_exch': 0.0}",anorthite,silicate_exchange,anorthite,silicate_exchange,0.6827000090565487,4107,locked_test,1,carbonate_weathering,carbonate,0.6827000090565486,0.6827000090565486,1e-06,False,False
MF4107_P0_M1->MF4107_P0_M2,MF4107_P0_M1,MF4107_P0_M2,0.745698122090623,0.999999,13.815509557935018,0.0050221368979015005,-0.0050095680325345626,0.15853094721198024,0.1585309472154762,-0.14715277771043572,3.49595352666654e-12,True,9,6,"{'calcite': 'lower', 'dolomite': 'lower', 'gypsum': 'lower', 'denit': 'lower', 'NaCa_exch': 'lower', 'NaMg_exch': 'lower'}","{'calcite': 0.0, 'dolomite': 0.0, 'gypsum': 0.0, 'albite': 0.17165075015583248, 'anorthite': -0.37414173715985855, 'k_feldspar': 0.006266266792481356, 'NO3src': 0.0083878289757664, 'denit': 0.0, 'CaNa_exch': 0.07720574589385364, 'NaCa_exch': 0.0, 'MgNa_exch': 0.008953354795003969, 'NaMg_exch': 0.0}",anorthite,silicate_exchange,anorthite,silicate_exchange,0.6924924242611734,4107,locked_test,1,carbonate_precipitation,carbonate,0.6924924242611733,0.6924924242611733,1e-06,False,False
MF4107_P0_M2->MF4107_P0_M3,MF4107_P0_M2,MF4107_P0_M3,0.745799381855514,0.999999,13.815509557935018,0.0009225408123557686,-0.0009221155331187411,0.15305945081679986,0.15318272477516826,-0.1425257064194439,0.00012327395836839172,True,8,6,"{'dolomite': 'lower', 'gypsum': 'lower', 'NO3src': 'lower', 'NaCa_exch': 'lower', 'MgNa_exch': 'lower', 'NaMg_exch': 'lower'}","{'calcite': 0.0, 'dolomite': 0.0, 'gypsum': 0.0, 'albite': 0.13119919214403325, 'anorthite': -0.056007838579117175, 'k_feldspar': 0.03165119832335537, 'NO3src': 0.0, 'denit': 0.027454157976599076, 'CaNa_exch': 0.008957578719135077, 'NaCa_exch': 0.0, 'MgNa_exch': 0.0, 'NaMg_exch': 0.0}",albite,silicate_exchange,albite,silicate_exchange,0.7759076308564857,4107,locked_test,1,silicate_weathering,silicate_exchange,0.7759076308564857,0.7759076308564857,0.7759076308564857,True,True
MF4107_P1_M0->MF4107_P1_M1,MF4107_P1_M0,MF4107_P1_M1,0.6713297439964823,0.999999,13.815509557935018,0.0004127403628350409,-0.000412655208961639,0.15732959981299086,0.15771944313635294,-0.14645207271264557,0.00038984332336208793,True,9,6,"{'calcite': 'lower', 'dolomite': 'lower', 'gypsum': 'lower', 'NO3src': 'lower', 'NaCa_exch': 'lower', 'MgNa_exch': 'lower'}","{'calcite': 0.0, 'dolomite': 0.0, 'gypsum': 0.0, 'albite': 0.01746999260172323, 'anorthite': -0.08188925604326014, 'k_feldspar': 0.0, 'NO3src': 0.0, 'denit': 0.2192588912012794, 'CaNa_exch': 0.06301312742425062, 'NaCa_exch': 0.0, 'MgNa_exch': 0.0, 'NaMg_exch': 0.02986643626894849}",denit,denitrification,denit,denitrification,0.7061881133967011,4107,locked_test,1,denitrification,denitrification,0.7061881133967011,0.7061881133967011,1e-06,True,True
MF4107_P1_M1->MF4107_P1_M2,MF4107_P1_M1,MF4107_P1_M2,0.7460977464090606,0.999999,13.815509557935018,0.007409205200643867,-0.007381891870198754,0.15850005447498874,0.16300853502855242,-0.15101021231316894,0.004508480553563676,True,10,7,"{'calcite': 'lower', 'dolomite': 'lower', 'gypsum': 'lower', 'NO3src': 'lower', 'iron_reduction': 'lower', 'NaCa_exch': 'lower', 'MgNa_exch': 'lower'}","{'calcite': 0.0, 'dolomite': 0.0, 'gypsum': 0.0, 'albite': 0.08541468589223938, 'anorthite': -0.16797918640831064, 'k_feldspar': -0.007285700333568915, 'NO3src': 0.0, 'sulfate_reduction': 0.20956814293336548, 'iron_reduction': 0.0, 'CaNa_exch': 0.06559851916294517, 'NaCa_exch': 0.0, 'MgNa_exch': 0.0, 'NaMg_exch': 0.01695338573114169}",sulfate_reduction,sulfate_reduction,sulfate_reduction,sulfate_reduction,0.611393357433866,4107,locked_test,1,sulfate_reduction,sulfate_reduction,0.6113933574338659,0.6113933574338659,0.6113933574338659,True,True
MF4107_P1_M2->MF4107_P1_M3,MF4107_P1_M2,MF4107_P1_M3,0.7476141515769401,0.999999,13.815509557935018,3.7385163314531e-06,-3.7385093432183367e-06,0.1531797874704484,0.15317978747044855,-0.14252315928758225,1.6653345369377348e-16,True,10,6,"{'calcite': 'lower', 'dolomite': 'lower', 'gypsum': 'lower', 'NO3src': 'lower', 'CaNa_exch': 'lower', 'NaMg_exch': 'lower'}","{'calcite': 0.0, 'dolomite': 0.0, 'gypsum': 0.0, 'albite': -0.019761765197896547, 'anorthite': 0.04194201214502814, 'k_feldspar': 0.001617211251705284, 'NO3src': 0.0, 'sulfate_reduction': 0.022393080706510603, 'iron_reduction': 0.054619625937716784, 'CaNa_exch': 0.0, 'NaCa_exch': 0.007893795231044257, 'MgNa_exch': 0.00894663026321233, 'NaMg_exch': 0.0}",iron_reduction,iron_reduction,iron_reduction,iron_reduction,0.7759488028334417,4107,locked_test,1,iron_reduction,iron_reduction,0.7759488028334417,0.7759488028334417,0.7759488028334417,True,True
MF4107_P2_M0->MF4107_P2_M1,MF4107_P2_M0,MF4107_P2_M1,0.6712768617060619,0.999999,13.815509557935018,0.002252969507511744,-0.0022504353772093057,0.1526737287016203,0.15267372870665782,-0.1420842252717263,5.037525951934185e-12,True,9,7,"{'calcite': 'lower', 'dolomite': 'lower', 'gypsum': 'lower', 'NO3src': 'lower', 'denit': 'lower', 'NaCa_exch': 'lower', 'MgNa_exch': 'lower'}","{'calcite': 0.0, 'dolomite': 0.0, 'gypsum': 0.0, 'albite': 0.12560266887581473, 'anorthite': -0.03242253704270915, 'k_feldspar': 0.03210764447969828, 'NO3src': 0.0, 'denit': 0.0, 'CaNa_exch': 0.01700477388653665, 'NaCa_exch': 0.0, 'MgNa_exch': 0.0, 'NaMg_exch': 0.003599748322570605}",albite,silicate_exchange,albite,silicate_exchange,0.7829633297814462,4107,locked_test,1,silicate_weathering,silicate_exchange,0.7829633297814462,0.7829633297814462,0.7829633297814462,True,True
MF4107_P2_M1->MF4107_P2_M2,MF4107_P2_M1,MF4107_P2_M2,0.7462836528503339,0.999999,13.815509557935018,0.00036279419002527047,-0.00036272839612572775,0.15516393664388695,0.15516393664314052,-0.1442422703892942,-7.464306950311084e-13,True,9,6,"{'calcite': 'lower', 'dolomite': 'lower', 'gypsum': 'lower', 'NO3src': 'lower', 'CaNa_exch': 'lower', 'NaMg_exch': 'lower'}","{'calcite': 0.0, 'dolomite': 0.0, 'gypsum': 0.0, 'albite': -0.10884212654390946, 'anorthite': 0.20338539999013236, 'k_feldspar': -0.009327759142381781, 'NO3src': 0.0, 'denit': 0.009176417178810662, 'CaNa_exch': 0.0, 'NaCa_exch': 0.031062977038352507, 'MgNa_exch': 0.008367141602221594, 'NaMg_exch': 0.0}",anorthite,silicate_exchange,anorthite,silicate_exchange,0.7469453707754331,4107,locked_test,1,carbonate_weathering,carbonate,0.7469453707754331,0.7469453707754331,1e-06,False,False
MF4107_P2_M2->MF4107_P2_M3,MF4107_P2_M2,MF4107_P2_M3,0.74574743308672,0.999999,13.815509557935018,0.017580727407450907,-0.017427974162824683,0.1555269450816789,0.1555269450836766,-0.14455646944239403,1.9976797993592754e-12,True,9,6,"{'calcite': 'lower', 'dolomite': 'lower', 'gypsum': 'lower', 'NO3src': 'lower', 'NaCa_exch': 'lower', 'MgNa_exch': 'lower'}","{'calcite': 0.0, 'dolomite': 0.0, 'gypsum': 0.0, 'albite': 0.04364637468381954, 'anorthite': -0.0795708386804427, 'k_feldspar': 0.0015201862460120887, 'NO3src': 0.0, 'denit': 0.2584766147565531, 'CaNa_exch': 0.03202047273549492, 'NaCa_exch': 0.0, 'MgNa_exch': 0.0, 'NaMg_exch': 0.009616865156976625}",denit,denitrification,denit,denitrification,0.7413842462668101,4107,locked_test,1,denitrification,denitrification,0.7413842462668101,0.7413842462668101,0.7413842462668101,True,True
MF4108_P0_M0->MF4108_P0_M1,MF4108_P0_M0,MF4108_P0_M1,0.6717113916070147,0.999999,13.815509557935018,1.7654694697588928e-05,-1.7654538855300726e-05,0.15701193991998127,0.15712031457906142,-0.14593443120534658,0.00010837465908014599,True,9,7,"{'calcite': 'lower', 'dolomite': 'lower', 'gypsum': 'lower', 'NO3src': 'lower', 'CaNa_exch': 'lower', 'MgNa_exch': 'lower', 'NaMg_exch': 'lower'}","{'calcite': 0.0, 'dolomite': 0.0, 'gypsum': 0.0, 'albite': -0.11431067577582217, 'anorthite': 0.22780558176064042, 'k_feldspar': -0.016266860842435255, 'NO3src': 0.0, 'denit': 0.013868868565519811, 'CaNa_exch': 0.0, 'NaCa_exch': 0.03338107391123405, 'MgNa_exch': 0.0, 'NaMg_exch': 0.0}",anorthite,silicate_exchange,anorthite,silicate_exchange,0.7160734001968889,4108,locked_test,1,carbonate_weathering,carbonate,0.7160734001968888,0.7160734001968888,1e-06,False,False
MF4108_P0_M1->MF4108_P0_M2,MF4108_P0_M1,MF4108_P0_M2,0.7457453684283537,0.999999,13.815509557935018,0.018050950879404244,-0.017889966855640965,0.16136860977950482,0.16136860867432007,-0.14959914472391686,-1.1051847492726807e-09,True,9,5,"{'calcite': 'lower', 'dolomite': 'lower', 'gypsum': 'lower', 'NaCa_exch': 'lower', 'NaMg_exch': 'lower'}","{'calcite': 0.0, 'dolomite': 0.0, 'gypsum': 0.0, 'albite': 0.17408834431607967, 'anorthite': -0.3656511394827354, 'k_feldspar': 0.012565635971855095, 'NO3src': 0.09079778742519411, 'denit': 0.09191064383341244, 'CaNa_exch': 0.06312261055895138, 'NaCa_exch': 0.0, 'MgNa_exch': 0.02585206261168174, 'NaMg_exch': 0.0}",anorthite,silicate_exchange,anorthite,silicate_exchange,0.6420699067672794,4108,locked_test,1,carbonate_precipitation,carbonate,0.6420699067672792,0.6420699067672792,0.6420699067672792,False,False
MF4108_P0_M2->MF4108_P0_M3,MF4108_P0_M2,MF4108_P0_M3,0.7470456746088407,0.999999,13.815509557935018,0.0004178183934520278,-0.0004177311316526182,0.15494146596429767,0.15519892326221477,-0.1442725570768826,0.00025745729791709637,True,8,6,"{'dolomite': 'lower', 'gypsum': 'lower', 'NO3src': 'lower', 'denit': 'lower', 'NaCa_exch': 'lower', 'MgNa_exch': 'lower'}","{'calcite': 0.0, 'dolomite': 0.0, 'gypsum': 0.0, 'albite': 0.17318617728769906, 'anorthite': -0.08086842259841043, 'k_feldspar': 0.03005272542624839, 'NO3src': 0.0, 'denit': 0.0, 'CaNa_exch': 0.03345501543259367, 'NaCa_exch': 0.0, 'MgNa_exch': 0.0, 'NaMg_exch': 0.028382197613134093}",albite,silicate_exchange,albite,silicate_exchange,0.7464127743094862,4108,locked_test,1,silicate_weathering,silicate_exchange,0.7464127743094862,0.7464127743094862,0.7464127743094862,True,True
MF4108_P1_M1->MF4108_P1_M2,MF4108_P1_M1,MF4108_P1_M2,0.753756462268479,0.999999,13.815509557935018,2.9543388890060864e-09,-2.9543388846420275e-09,0.16347461344108014,0.16779379405438552,-0.15511632263360914,0.0043191806133053845,True,10,7,"{'calcite': 'lower', 'dolomite': 'lower', 'gypsum': 'lower', 'NO3src': 'lower', 'iron_reduction': 'lower', 'NaCa_exch': 'lower', 'MgNa_exch': 'lower'}","{'calcite': 0.0, 'dolomite': 0.0, 'gypsum': 0.0, 'albite': 0.12275335790800954, 'anorthite': -0.17219198761315327, 'k_feldspar': -0.006794394150179383, 'NO3src': 0.0, 'sulfate_reduction': 0.2586147470231683, 'iron_reduction': 0.0, 'CaNa_exch': 0.08735259177313397, 'NaCa_exch': 0.0, 'MgNa_exch': 0.0, 'NaMg_exch': 0.045385256654508335}",sulfate_reduction,sulfate_reduction,sulfate_reduction,sulfate_reduction,0.5178496462854143,4108,locked_test,1,sulfate_reduction,sulfate_reduction,0.5178496462854143,0.5178496462854143,0.5178496462854143,True,True
MF4108_P1_M2->MF4108_P1_M3,MF4108_P1_M2,MF4108_P1_M3,0.7501086922108405,0.999999,13.815509557935018,0.022640765042330917,-0.022388266982577943,0.15295861395375948,0.15295861395726415,-0.14233134641657194,3.5046687774098473e-12,True,9,6,"{'calcite': 'upper', 'dolomite': 'upper', 'NO3src': 'lower', 'sulfate_reduction': 'lower', 'NaCa_exch': 'lower', 'MgNa_exch': 'lower'}","{'calcite': 0.0, 'dolomite': 0.0, 'albite': 0.024934538027265828, 'anorthite': -0.031549311535580306, 'k_feldspar': 0.007480522524487982, 'NO3src': 0.0, 'sulfate_reduction': 0.0, 'iron_reduction': 0.056757684302025595, 'CaNa_exch': 0.07173881603016355, 'NaCa_exch': 0.0, 'MgNa_exch': 0.0, 'NaMg_exch': 0.04151892015411316}",CaNa_exch,silicate_exchange,CaNa_exch,silicate_exchange,0.7790338109618058,4108,locked_test,1,iron_reduction,iron_reduction,0.7790338109618058,0.7790338109618058,0.7790338109618058,False,False
MF4108_P2_M0->MF4108_P2_M1,MF4108_P2_M0,MF4108_P2_M1,0.6715727602330711,0.999999,13.815509557935018,1.0566115288564648e-05,-1.056605946756171e-05,0.15322034850648605,0.15334024363069615,-0.1426622919708825,0.0001198951242100954,True,9,6,"{'calcite': 'lower', 'dolomite': 'lower', 'gypsum': 'lower', 'NO3src': 'lower', 'NaCa_exch': 'lower', 'MgNa_exch': 'lower'}","{'calcite': 0.0, 'dolomite': 0.0, 'gypsum': 0.0, 'albite': 0.12517654474156428, 'anorthite': -0.03293625009082814, 'k_feldspar': 0.02575241199907258, 'NO3src': 0.0, 'denit': 0.005017522544375674, 'CaNa_exch': 0.023392553299342166, 'NaCa_exch': 0.0, 'MgNa_exch': 0.0, 'NaMg_exch': 0.01847587924390265}",albite,silicate_exchange,albite,silicate_exchange,0.7736919774573642,4108,locked_test,1,silicate_weathering,silicate_exchange,0.7736919774573642,0.7736919774573642,0.7736919774573642,True,True
MF4108_P2_M1->MF4108_P2_M2,MF4108_P2_M1,MF4108_P2_M2,0.7458020589098404,0.999999,13.815509557935018,0.008602721635102176,-0.008565929085463199,0.1564821695469117,0.1565829035081964,-0.145469884952112,0.00010073396128471024,True,9,6,"{'calcite': 'lower', 'dolomite': 'lower', 'gypsum': 'lower', 'NO3src': 'lower', 'CaNa_exch': 'lower', 'NaMg_exch': 'lower'}","{'calcite': 0.0, 'dolomite': 0.0, 'gypsum': 0.0, 'albite': -0.1182029878323085, 'anorthite': 0.2104712072130421, 'k_feldspar': -0.015278133410904554, 'NO3src': 0.0, 'denit': 0.024725014889795165, 'CaNa_exch': 0.0, 'NaCa_exch': 0.0400539377863733, 'MgNa_exch': 0.007951150465039001, 'NaMg_exch': 0.0}",anorthite,silicate_exchange,anorthite,silicate_exchange,0.7247716779588322,4108,locked_test,1,carbonate_weathering,carbonate,0.7247716779588321,0.7247716779588321,0.7247716779588321,False,False
MF4108_P2_M2->MF4108_P2_M3,MF4108_P2_M2,MF4108_P2_M3,0.7458219334405537,0.999999,13.815509557935018,0.00017834633404681014,-0.00017833043223003522,0.15743455982966065,0.15743455983622828,-0.14620596960140825,6.567635324472576e-12,True,9,6,"{'calcite': 'lower', 'dolomite': 'lower', 'gypsum': 'lower', 'NO3src': 'lower', 'NaCa_exch': 'lower', 'MgNa_exch': 'lower'}","{'calcite': 0.0, 'dolomite': 0.0, 'gypsum': 0.0, 'albite': 0.0033483622772831722, 'anorthite': -0.060036785468346676, 'k_feldspar': 0.00591976603663659, 'NO3src': 0.0, 'denit': 0.2896976084448807, 'CaNa_exch': 0.022393719670538954, 'NaCa_exch': 0.0, 'MgNa_exch': 0.0, 'NaMg_exch': 0.001902752168945144}",denit,denitrification,denit,denitrification,0.7109129367356243,4108,locked_test,1,denitrification,denitrification,0.7109129367356242,0.7109129367356242,0.7109129367356242,True,True
MF4109_P0_M0->MF4109_P0_M1,MF4109_P0_M0,MF4109_P0_M1,0.671967725117148,0.999999,13.815509557935018,0.0004965213129036161,-0.0004963980869843752,0.15571469475558908,0.1557240273491056,-0.14472701108262032,9.332593516514498e-06,True,9,8,"{'calcite': 'lower', 'dolomite': 'lower', 'gypsum': 'lower', 'NO3src': 'lower', 'denit': 'lower', 'CaNa_exch': 'lower', 'NaCa_exch': 'lower', 'MgNa_exch': 'lower'}","{'calcite': 0.0, 'dolomite': 0.0, 'gypsum': 0.0, 'albite': -0.055972258943462666, 'anorthite': 0.12068427686561795, 'k_feldspar': -0.02072765667640813, 'NO3src': 0.0, 'denit': 0.0, 'CaNa_exch': 0.0, 'NaCa_exch': 0.0, 'MgNa_exch': 0.0, 'NaMg_exch': 0.012527986304328446}",anorthite,silicate_exchange,anorthite,silicate_exchange,0.7383326538249528,4109,locked_test,1,carbonate_weathering,carbonate,0.7383326538249527,0.7383326538249527,0.7383326538249527,False,False
MF4109_P0_M1->MF4109_P0_M2,MF4109_P0_M1,MF4109_P0_M2,0.7457008559463352,0.999999,13.815509557935018,0.0008271735985954595,-0.000826831679052574,0.15575617520957763,0.15575617521389926,-0.14475482690796038,4.321626390080269e-12,True,9,6,"{'calcite': 'lower', 'dolomite': 'lower', 'gypsum': 'lower', 'NO3src': 'lower', 'NaCa_exch': 'lower', 'NaMg_exch': 'lower'}","{'calcite': 0.0, 'dolomite': 0.0, 'gypsum': 0.0, 'albite': 0.1003946633583, 'anorthite': -0.2445169134561142, 'k_feldspar': 0.01232413357340922, 'NO3src': 0.0, 'denit': 0.0008011870258134671, 'CaNa_exch': 0.0426195996705577, 'NaCa_exch': 0.0, 'MgNa_exch': 0.009741546114615534, 'NaMg_exch': 0.0}",anorthite,silicate_exchange,anorthite,silicate_exchange,0.7378327313681272,4109,locked_test,1,carbonate_precipitation,carbonate,0.7378327313681272,0.7378327313681272,0.7378327313681272,False,False
MF4109_P0_M2->MF4109_P0_M3,MF4109_P0_M2,MF4109_P0_M3,0.7471078063329213,0.999999,13.815509557935018,0.00022308282311361125,-0.0002230579438406506,0.15539169427039773,0.15539277979426072,-0.14444035524931126,1.0855238629925434e-06,True,9,6,"{'calcite': 'lower', 'dolomite': 'lower', 'gypsum': 'lower', 'CaNa_exch': 'lower', 'MgNa_exch': 'lower', 'NaMg_exch': 'lower'}","{'calcite': 0.0, 'dolomite': 0.0, 'gypsum': 0.0, 'albite': 0.09335891779311987, 'anorthite': 0.0, 'k_feldspar': 0.038341712127077966, 'NO3src': 0.027070842145238052, 'denit': 0.0694724719156821, 'CaNa_exch': 0.0, 'NaCa_exch': 0.013172295439533795, 'MgNa_exch': 0.0, 'NaMg_exch': 0.0}",albite,silicate_exchange,albite,silicate_exchange,0.7434486318192883,4109,locked_test,1,silicate_weathering,silicate_exchange,0.7434486318192883,0.7434486318192883,0.7434486318192883,True,True
MF4109_P1_M1->MF4109_P1_M2,MF4109_P1_M1,MF4109_P1_M2,0.7507966006097078,0.999999,13.815509557935018,0.001266625660306481,-0.0012658241667482903,0.1602838846670035,0.16312624001544831,-0.1511114145205897,0.0028423553484448194,True,10,7,"{'calcite': 'lower', 'dolomite': 'lower', 'gypsum': 'lower', 'NO3src': 'lower', 'iron_reduction': 'lower', 'NaCa_exch': 'lower', 'MgNa_exch': 'lower'}","{'calcite': 0.0, 'dolomite': 0.0, 'gypsum': 0.0, 'albite': 0.05839414589991749, 'anorthite': -0.20174658352166394, 'k_feldspar': -0.012749071808897674, 'NO3src': 0.0, 'sulfate_reduction': 0.3313155644527331, 'iron_reduction': 0.0, 'CaNa_exch': 0.07722030696691377, 'NaCa_exch': 0.0, 'MgNa_exch': 0.0, 'NaMg_exch': 0.015605283938320131}",sulfate_reduction,sulfate_reduction,sulfate_reduction,sulfate_reduction,0.6091555912724679,4109,locked_test,1,sulfate_reduction,sulfate_reduction,0.6091555912724679,0.6091555912724679,0.6091555912724679,True,True
MF4109_P1_M2->MF4109_P1_M3,MF4109_P1_M2,MF4109_P1_M3,0.7524582438499055,0.999999,13.815509557935018,0.000587556147710973,-0.0005873836041803166,0.15144609675265683,0.1514465941642149,-0.141019059840663,4.974115580813621e-07,True,9,7,"{'calcite': 'lower', 'dolomite': 'lower', 'NO3src': 'lower', 'sulfate_reduction': 'lower', 'NaCa_exch': 'lower', 'MgNa_exch': 'lower', 'NaMg_exch': 'lower'}","{'calcite': 0.0, 'dolomite': 0.0, 'albite': 0.009695843270764849, 'anorthite': 0.02876572215001094, 'k_feldspar': 0.0, 'NO3src': 0.0, 'sulfate_reduction': 0.0, 'iron_reduction': 0.043279245024922114, 'CaNa_exch': 0.005606029959045568, 'NaCa_exch': 0.0, 'MgNa_exch': 0.0, 'NaMg_exch': 0.0}",iron_reduction,iron_reduction,iron_reduction,iron_reduction,0.7993196652754013,4109,locked_test,1,iron_reduction,iron_reduction,0.7993196652754013,0.7993196652754013,1e-06,True,True
MF4109_P2_M0->MF4109_P2_M1,MF4109_P2_M0,MF4109_P2_M1,0.6718790349301561,0.999999,13.815509557935018,7.787858796622012e-06,-7.78782847140714e-06,0.1542499479621587,0.15424994796176708,-0.14345073732093777,-3.9163117193652397e-13,True,9,6,"{'calcite': 'lower', 'dolomite': 'lower', 'gypsum': 'lower', 'NO3src': 'lower', 'CaNa_exch': 'lower', 'MgNa_exch': 'lower'}","{'calcite': 0.0, 'dolomite': 0.0, 'gypsum': 0.0, 'albite': 0.11206921358403377, 'anorthite': -0.04513881844308414, 'k_feldspar': 0.030169271756510154, 'NO3src': 0.0, 'denit': 0.02646157214895116, 'CaNa_exch': 0.0, 'NaCa_exch': 0.001140823594604399, 'MgNa_exch': 0.0, 'NaMg_exch': 0.011103842465642026}",albite,silicate_exchange,albite,silicate_exchange,0.7606006326513051,4109,locked_test,1,silicate_weathering,silicate_exchange,0.7606006326513051,0.7606006326513051,1e-06,True,True
MF4109_P2_M1->MF4109_P2_M2,MF4109_P2_M1,MF4109_P2_M2,0.7457262286306654,0.999999,13.815509557935018,0.0070569459525201585,-0.0070321622393360195,0.15717385195532052,0.15774458878028744,-0.14647379245744735,0.0005707368249669165,True,9,6,"{'calcite': 'lower', 'dolomite': 'lower', 'gypsum': 'lower', 'NO3src': 'lower', 'CaNa_exch': 'lower', 'MgNa_exch': 'lower'}","{'calcite': 0.0, 'dolomite': 0.0, 'gypsum': 0.0, 'albite': -0.10727928168772374, 'anorthite': 0.1985584553870139, 'k_feldspar': -0.02453659260681124, 'NO3src': 0.0, 'denit': 0.020952720431371388, 'CaNa_exch': 0.0, 'NaCa_exch': 0.015968227488980108, 'MgNa_exch': 0.0, 'NaMg_exch': 0.005955063105492219}",anorthite,silicate_exchange,anorthite,silicate_exchange,0.7057689660027706,4109,locked_test,1,carbonate_weathering,carbonate,0.7057689660027706,0.7057689660027706,0.7057689660027706,False,False
MF4109_P2_M2->MF4109_P2_M3,MF4109_P2_M2,MF4109_P2_M3,0.747229042164262,0.999999,13.815509557935018,5.6658647050050886e-06,-5.6658486540542894e-06,0.1593718258081403,0.15985158136392624,-0.14829204983228123,0.0004797555557859434,True,9,6,"{'calcite': 'lower', 'dolomite': 'lower', 'gypsum': 'lower', 'NaCa_exch': 'lower', 'MgNa_exch': 'lower', 'NaMg_exch': 'lower'}","{'calcite': 0.0, 'dolomite': 0.0, 'gypsum': 0.0, 'albite': 0.0, 'anorthite': -0.09728907481938971, 'k_feldspar': 0.006657432716317544, 'NO3src': 0.061080051156167825, 'denit': 0.3094012859402189, 'CaNa_exch': 0.0009882816026689405, 'NaCa_exch': 0.0, 'MgNa_exch': 0.0, 'NaMg_exch': 0.0}",denit,denitrification,denit,denitrification,0.6694900970858466,4109,locked_test,1,denitrification,denitrification,0.6694900970858465,0.6694900970858465,0.6694900970858465,True,True
MF4110_P0_M0->MF4110_P0_M1,MF4110_P0_M0,MF4110_P0_M1,0.6711828815927249,0.999999,13.815509557935018,4.0366989376824045e-05,-4.036617465183363e-05,0.15758560302522934,0.15917112900976932,-0.1477052057529704,0.0015855259845399816,True,9,6,"{'calcite': 'lower', 'dolomite': 'lower', 'gypsum': 'lower', 'NO3src': 'lower', 'NaCa_exch': 'lower', 'MgNa_exch': 'lower'}","{'calcite': 0.0, 'dolomite': 0.0, 'gypsum': 0.0, 'albite': -0.07392639803688217, 'anorthite': 0.15833638393719357, 'k_feldspar': -0.025564105930912975, 'NO3src': 0.0, 'denit': 0.012760247173276071, 'CaNa_exch': 0.011253877036502583, 'NaCa_exch': 0.0, 'MgNa_exch': 0.0, 'NaMg_exch': 0.01610022526192251}",anorthite,silicate_exchange,anorthite,silicate_exchange,0.6814489266824487,4110,locked_test,1,carbonate_weathering,carbonate,0.6814489266824487,0.6814489266824487,0.6814489266824487,False,False
MF4110_P0_M1->MF4110_P0_M2,MF4110_P0_M1,MF4110_P0_M2,0.7462689780336806,0.999999,13.815509557935018,0.020871759995209446,-0.020656928938563458,0.15908393938716248,0.1590839393910951,-0.14762998571363667,3.9326319978272295e-12,True,9,6,"{'calcite': 'lower', 'dolomite': 'lower', 'gypsum': 'lower', 'NO3src': 'lower', 'NaCa_exch': 'lower', 'NaMg_exch': 'lower'}","{'calcite': 0.0, 'dolomite': 0.0, 'gypsum': 0.0, 'albite': 0.18565192348560225, 'anorthite': -0.3822570387988424, 'k_feldspar': 0.006108634695803259, 'NO3src': 0.0, 'denit': 0.005163038490214372, 'CaNa_exch': 0.09455862240073258, 'NaCa_exch': 0.0, 'MgNa_exch': 0.005264271537851786, 'NaMg_exch': 0.0}",anorthite,silicate_exchange,anorthite,silicate_exchange,0.6829650517253877,4110,locked_test,1,carbonate_precipitation,carbonate,0.6829650517253876,0.6829650517253876,0.6829650517253876,False,False
MF4110_P0_M2->MF4110_P0_M3,MF4110_P0_M2,MF4110_P0_M3,0.7462696428949049,0.999999,13.815509557935018,1.863780916050561e-06,-1.8637791792130676e-06,0.1601195050024947,0.16347200230550457,-0.1514086401320531,0.003352497303009877,True,8,5,"{'dolomite': 'lower', 'gypsum': 'lower', 'CaNa_exch': 'lower', 'NaCa_exch': 'lower', 'MgNa_exch': 'lower'}","{'calcite': 0.0, 'dolomite': 0.0, 'gypsum': 0.0, 'albite': 0.0938695355562512, 'anorthite': -0.06703414922988155, 'k_feldspar': 0.041230288212005965, 'NO3src': 0.08599577751096167, 'denit': 0.12499327792570922, 'CaNa_exch': 0.0, 'NaCa_exch': 0.0, 'MgNa_exch': 0.0, 'NaMg_exch': 0.008873872151260127}",denit,denitrification,albite,silicate_exchange,0.6025571072730883,4110,locked_test,1,silicate_weathering,silicate_exchange,0.6025571072730883,0.6025571072730883,1e-06,False,True
MF4110_P1_M0->MF4110_P1_M1,MF4110_P1_M0,MF4110_P1_M1,0.6724330967630487,0.999999,13.815509557935018,1.2835909528831697e-08,-1.283590944645141e-08,0.15381160607410166,0.1552009419529517,-0.14427430455857818,0.0013893358788500398,True,9,6,"{'calcite': 'lower', 'dolomite': 'lower', 'gypsum': 'lower', 'NO3src': 'lower', 'NaCa_exch': 'lower', 'MgNa_exch': 'lower'}","{'calcite': 0.0, 'dolomite': 0.0, 'gypsum': 0.0, 'albite': 0.020661234008605398, 'anorthite': -0.063609145021778, 'k_feldspar': -0.0018315046729171, 'NO3src': 0.0, 'denit': 0.22225731807598215, 'CaNa_exch': 0.04964978848749994, 'NaCa_exch': 0.0, 'MgNa_exch': 0.0, 'NaMg_exch': 0.02330750324696507}",denit,denitrification,denit,denitrification,0.7463820219789048,4110,locked_test,1,denitrification,denitrification,0.7463820219789048,0.7463820219789048,0.7463820219789048,True,True
MF4110_P1_M1->MF4110_P1_M2,MF4110_P1_M1,MF4110_P1_M2,0.7461816868814319,0.999999,13.815509557935018,0.0010979207403712574,-0.0010973184661877574,0.15936945876434047,0.16072785835180392,-0.14904727244136765,0.0013583995874634491,True,10,7,"{'calcite': 'lower', 'dolomite': 'lower', 'gypsum': 'lower', 'NO3src': 'lower', 'iron_reduction': 'lower', 'NaCa_exch': 'lower', 'MgNa_exch': 'lower'}","{'calcite': 0.0, 'dolomite': 0.0, 'gypsum': 0.0, 'albite': 0.0838510844146097, 'anorthite': -0.20627029860146462, 'k_feldspar': -0.011451215882102742, 'NO3src': 0.0, 'sulfate_reduction': 0.27188496500518927, 'iron_reduction': 0.0, 'CaNa_exch': 0.09642020392529309, 'NaCa_exch': 0.0, 'MgNa_exch': 0.0, 'NaMg_exch': 0.03501645183339931}",sulfate_reduction,sulfate_reduction,sulfate_reduction,sulfate_reduction,0.6537733034836141,4110,locked_test,1,sulfate_reduction,sulfate_reduction,0.653773303483614,0.653773303483614,0.653773303483614,True,True
MF4110_P1_M2->MF4110_P1_M3,MF4110_P1_M2,MF4110_P1_M3,0.7509997889064399,0.999999,13.815509557935018,0.005262716695774985,-0.005248916997027769,0.15137091879655307,0.15137091879655307,-0.14095333568556764,0.0,True,9,6,"{'calcite': 'lower', 'dolomite': 'lower', 'NO3src': 'lower', 'CaNa_exch': 'lower', 'NaCa_exch': 'lower', 'NaMg_exch': 'lower'}","{'calcite': 0.0, 'dolomite': 0.0, 'albite': -0.009487102916740566, 'anorthite': -0.022318857896065872, 'k_feldspar': 0.0021827660810429996, 'NO3src': 0.0, 'sulfate_reduction': 0.011365574547704973, 'iron_reduction': 0.05138803089856255, 'CaNa_exch': 0.0, 'NaCa_exch': 0.0, 'MgNa_exch': 0.007210216718407834, 'NaMg_exch': 0.0}",iron_reduction,iron_reduction,iron_reduction,iron_reduction,0.8002980214226545,4110,locked_test,1,iron_reduction,iron_reduction,0.8002980214226545,0.8002980214226545,0.8002980214226545,True,True
MF4110_P2_M0->MF4110_P2_M1,MF4110_P2_M0,MF4110_P2_M1,0.6711697232551113,0.999999,13.815509557935018,0.000144490732866107,-0.0001444802950855945,0.1530255084148905,0.1532039222116525,-0.14254408793107162,0.00017841379676200586,True,9,6,"{'calcite': 'lower', 'dolomite': 'lower', 'gypsum': 'lower', 'NO3src': 'lower', 'NaCa_exch': 'lower', 'MgNa_exch': 'lower'}","{'calcite': 0.0, 'dolomite': 0.0, 'gypsum': 0.0, 'albite': 0.11145235221941083, 'anorthite': -0.039485392552388955, 'k_feldspar': 0.028176188599359712, 'NO3src': 0.0, 'denit': 0.012874011240958813, 'CaNa_exch': 0.04517300947138685, 'NaCa_exch': 0.0, 'MgNa_exch': 0.0, 'NaMg_exch': 0.026811153865889528}",albite,silicate_exchange,albite,silicate_exchange,0.7756103515993727,4110,locked_test,1,silicate_weathering,silicate_exchange,0.7756103515993727,0.7756103515993727,0.7756103515993727,True,True
MF4110_P2_M1->MF4110_P2_M2,MF4110_P2_M1,MF4110_P2_M2,0.7457488265423549,0.999999,13.815509557935018,0.002986520575570436,-0.00298206978238463,0.16132343209326094,0.16196292224236278,-0.15011074935123506,0.0006394901491018345,True,9,6,"{'calcite': 'lower', 'dolomite': 'lower', 'gypsum': 'lower', 'NO3src': 'lower', 'CaNa_exch': 'lower', 'MgNa_exch': 'lower'}","{'calcite': 0.0, 'dolomite': 0.0, 'gypsum': 0.0, 'albite': -0.16376115822474313, 'anorthite': 0.20184882245039262, 'k_feldspar': -0.02002561126754668, 'NO3src': 0.0, 'denit': 0.035659147750729696, 'CaNa_exch': 0.0, 'NaCa_exch': 0.024863649445989282, 'MgNa_exch': 0.0, 'NaMg_exch': 0.0034434889761951167}",anorthite,silicate_exchange,anorthite,silicate_exchange,0.6310667119932556,4110,locked_test,1,carbonate_weathering,carbonate,0.6310667119932556,0.6310667119932556,0.6310667119932556,False,False
MF4110_P2_M2->MF4110_P2_M3,MF4110_P2_M2,MF4110_P2_M3,0.7493506307372811,0.999999,13.815509557935018,1.1724316381775258e-06,-1.17243095088009e-06,0.1543671991387511,0.15479196602996612,-0.14392021175955233,0.00042476689121501154,True,9,6,"{'calcite': 'lower', 'dolomite': 'lower', 'gypsum': 'lower', 'NO3src': 'lower', 'NaCa_exch': 'lower', 'MgNa_exch': 'lower'}","{'calcite': 0.0, 'dolomite': 0.0, 'gypsum': 0.0, 'albite': 0.02536005576051737, 'anorthite': -0.12835030104954231, 'k_feldspar': 0.0, 'NO3src': 0.0, 'denit': 0.2199638284241521, 'CaNa_exch': 0.04060994957741163, 'NaCa_exch': 0.0, 'MgNa_exch': 0.0, 'NaMg_exch': 0.03216390648554074}",denit,denitrification,denit,denitrification,0.7525629356230701,4110,locked_test,1,denitrification,denitrification,0.7525629356230701,0.7525629356230701,0.7525629356230701,True,True
MF4111_P0_M0->MF4111_P0_M1,MF4111_P0_M0,MF4111_P0_M1,0.67168051763991,0.999999,13.815509557935018,5.067302849668533e-05,-5.0671744662147154e-05,0.1558112057432293,0.15581120574221294,-0.144802440080544,-1.0163536678930996e-12,True,9,6,"{'calcite': 'lower', 'dolomite': 'lower', 'gypsum': 'lower', 'denit': 'lower', 'CaNa_exch': 'lower', 'NaMg_exch': 'lower'}","{'calcite': 0.0, 'dolomite': 0.0, 'gypsum': 0.0, 'albite': -0.1433407324434311, 'anorthite': 0.23324255572433714, 'k_feldspar': -0.0029101325334321957, 'NO3src': 0.0035303890557195823, 'denit': 0.0, 'CaNa_exch': 0.0, 'NaCa_exch': 0.09016698403598533, 'MgNa_exch': 0.025260022259098864, 'NaMg_exch': 0.0}",anorthite,silicate_exchange,anorthite,silicate_exchange,0.7369755714878276,4111,locked_test,1,carbonate_weathering,carbonate,0.7369755714878276,0.7369755714878276,0.7369755714878276,False,False
MF4111_P0_M1->MF4111_P0_M2,MF4111_P0_M1,MF4111_P0_M2,0.7457811220590942,0.999999,13.815509557935018,0.0004785819020900016,-0.0004784674182966222,0.15527827011201042,0.15530367746901405,-0.14436323363083925,2.5407357003626174e-05,True,9,6,"{'calcite': 'lower', 'dolomite': 'lower', 'gypsum': 'lower', 'denit': 'lower', 'NaCa_exch': 'lower', 'MgNa_exch': 'lower'}","{'calcite': 0.0, 'dolomite': 0.0, 'gypsum': 0.0, 'albite': 0.10879067314685574, 'anorthite': -0.2759634473423418, 'k_feldspar': 0.004204381893095911, 'NO3src': 0.0029349263814526182, 'denit': 0.0, 'CaNa_exch': 0.06343035809116127, 'NaCa_exch': 0.0, 'MgNa_exch': 0.0, 'NaMg_exch': 0.002555070550848782}",anorthite,silicate_exchange,anorthite,silicate_exchange,0.7448137924272351,4111,locked_test,1,carbonate_precipitation,carbonate,0.7448137924272351,0.7448137924272351,1e-06,False,False
MF4111_P0_M2->MF4111_P0_M3,MF4111_P0_M2,MF4111_P0_M3,0.7466115019543774,0.999999,13.815509557935018,9.157239578767497e-06,-9.157197651505103e-06,0.15391930725626515,0.1541415994979545,-0.143356863762952,0.00022229224168934802,True,7,4,"{'gypsum': 'lower', 'NO3src': 'lower', 'NaCa_exch': 'lower', 'MgNa_exch': 'lower'}","{'calcite': 0.0, 'dolomite': 0.0, 'gypsum': 0.0, 'albite': 0.11231050193111512, 'anorthite': 0.0, 'k_feldspar': 0.033678130665182465, 'NO3src': 0.0, 'denit': 0.004768420050785112, 'CaNa_exch': 0.010691763554226484, 'NaCa_exch': 0.0, 'MgNa_exch': 0.0, 'NaMg_exch': 0.026172444117442833}",albite,silicate_exchange,albite,silicate_exchange,0.7621861652079774,4111,locked_test,1,silicate_weathering,silicate_exchange,0.7621861652079774,0.7621861652079774,0.7621861652079774,True,True
MF4111_P1_M1->MF4111_P1_M2,MF4111_P1_M1,MF4111_P1_M2,0.7490604193022502,0.999999,13.815509557935018,0.004635162387938548,-0.004624453102856488,0.1575483496512231,0.15864504182213293,-0.14725125500114533,0.0010966921709098243,True,10,7,"{'calcite': 'lower', 'dolomite': 'lower', 'gypsum': 'lower', 'NO3src': 'lower', 'NaCa_exch': 'lower', 'MgNa_exch': 'lower', 'NaMg_exch': 'lower'}","{'calcite': 0.0, 'dolomite': 0.0, 'gypsum': 0.0, 'albite': 0.007263660660658754, 'anorthite': -0.10222658691990451, 'k_feldspar': 0.003355006907126302, 'NO3src': 0.0, 'sulfate_reduction': 0.27572059490783807, 'iron_reduction': 0.0021914474771909213, 'CaNa_exch': 0.037688139946632455, 'NaCa_exch': 0.0, 'MgNa_exch': 0.0, 'NaMg_exch': 0.0}",sulfate_reduction,sulfate_reduction,sulfate_reduction,sulfate_reduction,0.6905393825006152,4111,locked_test,1,sulfate_reduction,sulfate_reduction,0.6905393825006152,0.6905393825006152,0.6905393825006152,True,True
MF4111_P1_M2->MF4111_P1_M3,MF4111_P1_M2,MF4111_P1_M3,0.7554030314616841,0.999999,13.815509557935018,0.00022817331981736345,-0.0002281472922445484,0.15408222233320598,0.15408222233320584,-0.14330541540322175,-1.3877787807814457e-16,True,9,5,"{'calcite': 'lower', 'dolomite': 'lower', 'NO3src': 'lower', 'CaNa_exch': 'lower', 'NaMg_exch': 'lower'}","{'calcite': 0.0, 'dolomite': 0.0, 'albite': 0.008533389558872327, 'anorthite': -0.006969238284718469, 'k_feldspar': 0.009109206586590311, 'NO3src': 0.0, 'sulfate_reduction': 0.020619248785293268, 'iron_reduction': 0.05793070763440045, 'CaNa_exch': 0.0, 'NaCa_exch': 0.005395139960050513, 'MgNa_exch': 0.010681495469543664, 'NaMg_exch': 0.0}",iron_reduction,iron_reduction,iron_reduction,iron_reduction,0.7630520620700627,4111,locked_test,1,iron_reduction,iron_reduction,0.7630520620700627,0.7630520620700627,0.7630520620700627,True,True
MF4111_P2_M0->MF4111_P2_M1,MF4111_P2_M0,MF4111_P2_M1,0.6712782121757064,0.999999,13.815509557935018,2.6031344391580167e-05,-2.6031005582014514e-05,0.15474954147249426,0.15621904589539082,-0.1451552383686453,0.0014695044228965615,True,9,7,"{'calcite': 'lower', 'dolomite': 'lower', 'gypsum': 'lower', 'NO3src': 'lower', 'denit': 'lower', 'NaCa_exch': 'lower', 'MgNa_exch': 'lower'}","{'calcite': 0.0, 'dolomite': 0.0, 'gypsum': 0.0, 'albite': 0.14422843124373524, 'anorthite': -0.06586453246383352, 'k_feldspar': 0.011776716734755454, 'NO3src': 0.0, 'denit': 0.0, 'CaNa_exch': 0.05135543519698028, 'NaCa_exch': 0.0, 'MgNa_exch': 0.0, 'NaMg_exch': 0.04728813352475049}",albite,silicate_exchange,NO3src,other,0.7305683931305422,4111,locked_test,1,silicate_weathering,silicate_exchange,0.7305683931305422,0.7305683931305422,0.7305683931305422,True,False
MF4111_P2_M1->MF4111_P2_M2,MF4111_P2_M1,MF4111_P2_M2,0.7459142361559035,0.999999,13.815509557935018,0.0046413810270926935,-0.004630643031440033,0.1565392205352373,0.1565392205343424,-0.14543211524388508,-8.948952689991074e-13,True,9,6,"{'calcite': 'lower', 'dolomite': 'lower', 'gypsum': 'lower', 'NO3src': 'lower', 'CaNa_exch': 'lower', 'NaMg_exch': 'lower'}","{'calcite': 0.0, 'dolomite': 0.0, 'gypsum': 0.0, 'albite': -0.1517470996971887, 'anorthite': 0.2351712271519006, 'k_feldspar': -0.0021236787242633966, 'NO3src': 0.0, 'denit': 0.005753740991956655, 'CaNa_exch': 0.0, 'NaCa_exch': 0.06413078630807632, 'MgNa_exch': 0.022529134748155256, 'NaMg_exch': 0.0}",anorthite,silicate_exchange,anorthite,silicate_exchange,0.725471578705766,4111,locked_test,1,carbonate_weathering,carbonate,0.725471578705766,0.725471578705766,0.725471578705766,False,False
MF4111_P2_M2->MF4111_P2_M3,MF4111_P2_M2,MF4111_P2_M3,0.7471104312567366,0.999999,13.815509557935018,0.00015419172532439319,-0.0001541798390021466,0.15412832522591835,0.15439310967054712,-0.14357475970585368,0.0002647844446287684,True,9,6,"{'calcite': 'lower', 'dolomite': 'lower', 'gypsum': 'lower', 'NO3src': 'lower', 'NaCa_exch': 'lower', 'MgNa_exch': 'lower'}","{'calcite': 0.0, 'dolomite': 0.0, 'gypsum': 0.0, 'albite': 0.030080338659966958, 'anorthite': -0.09269256555862818, 'k_feldspar': 0.0, 'NO3src': 0.0, 'denit': 0.23365785675346595, 'CaNa_exch': 0.037525037712157844, 'NaCa_exch': 0.0, 'MgNa_exch': 0.0, 'NaMg_exch': 0.017491237265728855}",denit,denitrification,denit,denitrification,0.7584948019730345,4111,locked_test,1,denitrification,denitrification,0.7584948019730345,0.7584948019730345,0.7584948019730345,True,True
MF4112_P0_M0->MF4112_P0_M1,MF4112_P0_M0,MF4112_P0_M1,0.6711288421961906,0.999999,13.815509557935018,1.3692873005402825e-05,-1.3692779258873025e-05,0.1572015654692015,0.1574292821644644,-0.14620140978957988,0.00022771669526289173,True,9,6,"{'calcite': 'lower', 'dolomite': 'lower', 'gypsum': 'lower', 'NO3src': 'lower', 'CaNa_exch': 'lower', 'NaMg_exch': 'lower'}","{'calcite': 0.0, 'dolomite': 0.0, 'gypsum': 0.0, 'albite': -0.11868745074224783, 'anorthite': 0.21221531627198748, 'k_feldspar': -0.010226630320873302, 'NO3src': 0.0, 'denit': 0.021411466501813015, 'CaNa_exch': 0.0, 'NaCa_exch': 0.05942349659018939, 'MgNa_exch': 0.011302866090855969, 'NaMg_exch': 0.0}",anorthite,silicate_exchange,anorthite,silicate_exchange,0.7110000520960581,4112,locked_test,1,carbonate_weathering,carbonate,0.711000052096058,0.711000052096058,0.711000052096058,False,False
MF4112_P0_M1->MF4112_P0_M2,MF4112_P0_M1,MF4112_P0_M2,0.7457700932118857,0.999999,13.815509557935018,0.0032640878729782528,-0.003258772302009973,0.15704548549149008,0.15704548548792227,-0.14586976073863842,-3.567812711935403e-12,True,9,7,"{'calcite': 'lower', 'dolomite': 'lower', 'gypsum': 'lower', 'NO3src': 'lower', 'denit': 'lower', 'NaCa_exch': 'lower', 'NaMg_exch': 'lower'}","{'calcite': 0.0, 'dolomite': 0.0, 'gypsum': 0.0, 'albite': 0.13809049197342824, 'anorthite': -0.3052856304221825, 'k_feldspar': 0.01259419267501707, 'NO3src': 0.0, 'denit': 0.0, 'CaNa_exch': 0.053083954213446895, 'NaCa_exch': 0.0, 'MgNa_exch': 0.013760962767380886, 'NaMg_exch': 0.0}",anorthite,silicate_exchange,anorthite,silicate_exchange,0.7172942045113051,4112,locked_test,1,carbonate_precipitation,carbonate,0.717294204511305,0.717294204511305,0.717294204511305,False,False
MF4112_P0_M2->MF4112_P0_M3,MF4112_P0_M2,MF4112_P0_M3,0.7465674230644684,0.999999,13.815509557935018,4.396553849321579e-06,-4.396544184507032e-06,0.1572124922905077,0.15721249228386147,-0.1460140893293428,-6.646239114616037e-12,True,8,5,"{'dolomite': 'lower', 'gypsum': 'lower', 'CaNa_exch': 'lower', 'MgNa_exch': 'lower', 'NaMg_exch': 'lower'}","{'calcite': 0.0, 'dolomite': 0.0, 'gypsum': 0.0, 'albite': 0.07471736672941226, 'anorthite': 0.01993784741127134, 'k_feldspar': 0.05419225091602956, 'NO3src': 0.09792430786511881, 'denit': 0.10733638831232153, 'CaNa_exch': 0.0, 'NaCa_exch': 0.02501996395949323, 'MgNa_exch': 0.0, 'NaMg_exch': 0.0}",denit,denitrification,denit,denitrification,0.7145653048513871,4112,locked_test,1,silicate_weathering,silicate_exchange,0.7145653048513871,0.7145653048513871,0.7145653048513871,False,False
MF4112_P1_M0->MF4112_P1_M1,MF4112_P1_M0,MF4112_P1_M1,0.6714024008550394,0.999999,13.815509557935018,1.4926013208335144e-05,-1.492590181650842e-05,0.15468102003801174,0.15468102004364684,-0.14382413270855357,5.635103494938676e-12,True,9,7,"{'calcite': 'lower', 'dolomite': 'lower', 'gypsum': 'lower', 'NO3src': 'lower', 'CaNa_exch': 'lower', 'NaCa_exch': 'lower', 'MgNa_exch': 'lower'}","{'calcite': 0.0, 'dolomite': 0.0, 'gypsum': 0.0, 'albite': -0.020159142003510187, 'anorthite': -0.011597132460721464, 'k_feldspar': -0.0017621362534809017, 'NO3src': 0.0, 'denit': 0.2535461465880053, 'CaNa_exch': 0.0, 'NaCa_exch': 0.0, 'MgNa_exch': 0.0, 'NaMg_exch': 0.0031578759086084403}",denit,denitrification,denit,denitrification,0.7542225084472451,4112,locked_test,1,denitrification,denitrification,0.7542225084472451,0.7542225084472451,0.7542225084472451,True,True
MF4112_P1_M1->MF4112_P1_M2,MF4112_P1_M1,MF4112_P1_M2,0.7508430644437344,0.999999,13.815509557935018,0.00454577863224344,-0.004535477785672074,0.16332120567591712,0.16696424332847934,-0.15440571301365558,0.0036430376525622143,True,10,7,"{'calcite': 'lower', 'dolomite': 'lower', 'gypsum': 'lower', 'NO3src': 'lower', 'iron_reduction': 'lower', 'NaCa_exch': 'lower', 'MgNa_exch': 'lower'}","{'calcite': 0.0, 'dolomite': 0.0, 'gypsum': 0.0, 'albite': 0.12689161779783015, 'anorthite': -0.21757857364267177, 'k_feldspar': -0.016203490003667644, 'NO3src': 0.0, 'sulfate_reduction': 0.2638150456638284, 'iron_reduction': 0.0, 'CaNa_exch': 0.13691626257933928, 'NaCa_exch': 0.0, 'MgNa_exch': 0.0, 'NaMg_exch': 0.04785582933564165}",sulfate_reduction,sulfate_reduction,sulfate_reduction,sulfate_reduction,0.5343194818818372,4112,locked_test,1,sulfate_reduction,sulfate_reduction,0.5343194818818372,0.5343194818818372,0.5343194818818372,True,True
MF4112_P1_M2->MF4112_P1_M3,MF4112_P1_M2,MF4112_P1_M3,0.7492547203027525,0.999999,13.815509557935018,1.048567720024094e-05,-1.0485622225912061e-05,0.15211657255802444,0.15211657255802447,-0.14160074861080788,2.7755575615628914e-17,True,9,5,"{'calcite': 'lower', 'dolomite': 'lower', 'NO3src': 'lower', 'CaNa_exch': 'lower', 'NaMg_exch': 'lower'}","{'calcite': 0.0, 'dolomite': 0.0, 'albite': -0.004285962138897378, 'anorthite': 0.0, 'k_feldspar': 0.0, 'NO3src': 0.0, 'sulfate_reduction': 0.019852319753900612, 'iron_reduction': 0.054847484756267634, 'CaNa_exch': 0.0, 'NaCa_exch': 0.0039421615520184965, 'MgNa_exch': 0.0032884498467549987, 'NaMg_exch': 0.0}",iron_reduction,iron_reduction,iron_reduction,iron_reduction,0.7905043577664561,4112,locked_test,1,iron_reduction,iron_reduction,0.7905043577664561,0.7905043577664561,1e-06,True,True
MF4112_P2_M0->MF4112_P2_M1,MF4112_P2_M0,MF4112_P2_M1,0.6734393790550821,0.999999,13.815509557935018,3.7258244062027625e-06,-3.7258174653362497e-06,0.1552323582429786,0.1552323582385599,-0.1443014997047073,-4.418687638008123e-12,True,9,6,"{'calcite': 'lower', 'dolomite': 'lower', 'gypsum': 'lower', 'CaNa_exch': 'lower', 'NaCa_exch': 'lower', 'MgNa_exch': 'lower'}","{'calcite': 0.0, 'dolomite': 0.0, 'gypsum': 0.0, 'albite': 0.09638598533013193, 'anorthite': -0.031237007500192187, 'k_feldspar': 0.04177762489296863, 'NO3src': 0.03098293875424188, 'denit': 0.07258935949295243, 'CaNa_exch': 0.0, 'NaCa_exch': 0.0, 'MgNa_exch': 0.0, 'NaMg_exch': 0.0034553569105932208}",albite,silicate_exchange,albite,silicate_exchange,0.7459031222732149,4112,locked_test,1,silicate_weathering,silicate_exchange,0.7459031222732149,0.7459031222732149,1e-06,True,True
MF4112_P2_M1->MF4112_P2_M2,MF4112_P2_M1,MF4112_P2_M2,0.745871032657489,0.999999,13.815509557935018,0.032070707934802316,-0.031567180152995304,0.1568918060844819,0.15711247890389599,-0.14592765947936678,0.00022067281941409722,True,9,7,"{'calcite': 'lower', 'dolomite': 'lower', 'gypsum': 'lower', 'NO3src': 'lower', 'CaNa_exch': 'lower', 'MgNa_exch': 'lower', 'NaMg_exch': 'lower'}","{'calcite': 0.0, 'dolomite': 0.0, 'gypsum': 0.0, 'albite': -0.12809848180328204, 'anorthite': 0.17169054650421764, 'k_feldspar': -0.016595898736317633, 'NO3src': 0.0, 'denit': 0.011814390699432563, 'CaNa_exch': 0.0, 'NaCa_exch': 0.04817570579814199, 'MgNa_exch': 0.0, 'NaMg_exch': 0.0}",anorthite,silicate_exchange,anorthite,silicate_exchange,0.7162013811936668,4112,locked_test,1,carbonate_weathering,carbonate,0.7162013811936668,0.7162013811936668,0.7162013811936668,False,False
MF4112_P2_M2->MF4112_P2_M3,MF4112_P2_M2,MF4112_P2_M3,0.7475055850529823,0.999999,13.815509557935018,2.079763741883887e-06,-2.0797615791782746e-06,0.15410584888650453,0.15438954212665187,-0.14357166929464282,0.000283693240147348,True,9,6,"{'calcite': 'lower', 'dolomite': 'lower', 'gypsum': 'lower', 'NO3src': 'lower', 'NaCa_exch': 'lower', 'MgNa_exch': 'lower'}","{'calcite': 0.0, 'dolomite': 0.0, 'gypsum': 0.0, 'albite': 0.051113072967553644, 'anorthite': -0.07548588985010579, 'k_feldspar': 0.001120863405117629, 'NO3src': 0.0, 'denit': 0.22124705510723222, 'CaNa_exch': 0.03520462182392293, 'NaCa_exch': 0.0, 'MgNa_exch': 0.0, 'NaMg_exch': 0.003754675542751157}",denit,denitrification,denit,denitrification,0.7585474284967791,4112,locked_test,1,denitrification,denitrification,0.7585474284967791,0.7585474284967791,0.7585474284967791,True,True
